gene_id,gene_symbol
64170,CARD9
51256,TBC1D7
28981,IFT81
8216,LZTR1
6505,SLC1A1
5949,RBP3
583,BBS2
4750,NEK1
51569,UFM1
392255,GDF6
79827,CLMP
134701,RIPPLY2
55240,STEAP3
3910,LAMA4
63924,CIDEC
6890,TAP1
7068,THRB
51099,ABHD5
2731,GLDC
149775,GNAS-AS1
2778,GNAS
8675,STX16
54714,CNGB3
2073,ERCC5
396,ARHGDIA
201163,FLCN
283489,CHAMP1
84665,MYPN
166378,AFG2A
4790,NFKB1
84197,POMK
81846,SBF2
54795,TRPM4
1369,CPN1
3190,HNRNPK
5832,ALDH18A1
657,BMPR1A
4089,SMAD4
1280,COL2A1
54567,DLL4
2261,FGFR3
7436,VLDLR
200942,KLHDC8B
4508,MT-ATP6
5621,PRNP
7490,WT1
5159,PDGFRB
81848,SPRY4
388588,SMIM1
2623,GATA1
1848,DUSP6
54756,IL17RD
51761,ATP8A2
51702,PADI3
4247,MGAT2
5373,PMM2
5337,PLD1
54345,SOX18
5317,PKP1
167691,LCA5
2072,ERCC4
55768,NGLY1
8822,FGF17
23767,FLRT3
3982,LIM2
4284,MIP
3845,KRAS
5604,MAP2K1
55687,TRMU
79719,AAGAB
1311,COMP
5605,MAP2K2
6305,SBF1
682,BSG
1615,DARS1
3800,KIF5C
11041,B4GAT1
11311,VPS45
113179,ADAT3
6901,TAFAZZIN
29958,DMGDH
57609,DIP2B
6654,SOS1
1491,CTH
23299,BICD2
1436,CSF1R
92749,DRC1
4854,NOTCH3
8200,GDF5
2694,CBLIF
285203,EOGT
859,CAV3
1756,DMD
54101,RIPK4
58495,OVOL2
7273,TTN
4893,NRAS
3265,HRAS
5290,PIK3CA
64132,XYLT2
658,BMPR1B
650,BMP2
10020,GNE
6448,SGSH
10564,ARFGEF2
5396,PRRX1
1798,DPAGT1
51259,TMEM216
56623,INPP5E
4023,LPL
959,CD40LG
1950,EGF
6442,SGCA
56945,MRPS22
10165,SLC25A13
1294,COL7A1
5660,PSAP
3662,IRF4
4437,MSH3
2956,MSH6
999,CDH1
27030,MLH3
154881,KCTD7
4068,SH2D1A
331,XIAP
2312,FLG
7480,WNT10B
1145,CHRNE
2334,AFF2
24140,FTSJ1
6928,HNF1B
3054,HCFC1
4625,MYH7
4647,MYO7A
10083,USH1C
79955,PDZD7
7399,USH2A
6331,SCN5A
7401,CLRN1
27316,RBMX
208,AKT2
434,ASIP
2065,ERBB3
7291,TWIST1
4210,MEFV
9294,S1PR2
3914,LAMB3
1308,COL17A1
1278,COL1A2
4609,MYC
8842,PROM1
9968,MED12
3588,IL10RB
3459,IFNGR1
3455,IFNAR2
80184,CEP290
1413,CRYBA4
57010,CABP4
162417,NAGS
128178,EDARADD
10913,EDAR
2993,GYPA
51360,MBTPS2
2324,FLT4
91662,NLRP12
23096,IQSEC2
2799,GNS
10084,PQBP1
5339,PLEC
2521,FUS
348,APOE
54187,NANS
1282,COL4A1
284058,KANSL1
2779,GNAT1
6010,RHO
6556,SLC11A1
60506,NYX
138050,HGSNAT
23171,GPD1L
11277,TREX1
1855,DVL1
7474,WNT5A
5903,RANBP2
2034,EPAS1
337,APOA4
54809,SAMD9
170302,ARX
27445,PCLO
1373,CPS1
59,ACTA2
4669,NAGLU
60678,EEFSEC
7818,DAP3
144577,KICS2
3852,KRT5
168667,BMPER
773,CACNA1A
2643,GCH1
26128,KIFBP
80308,FLAD1
5961,PRPH2
6094,ROM1
55811,ADCY10
126792,B3GALT6
5376,PMP22
4359,MPZ
478,ATP1A3
9401,RECQL4
727897,MUC5B
729238,SFTPA2
6440,SFTPC
7015,TERT
7012,TERC
89910,UBE3B
6311,ATXN2
1135,CHRNA2
169522,KCNV2
547,KIF1A
1286,COL4A4
5133,PDCD1
23020,SNRNP200
84690,SPATA22
771,CA12
11155,LDB3
25778,DSTYK
7780,SLC30A2
64324,NSD1
6521,SLC4A1
10842,PPP1R17
2053,EPHX2
336,APOA2
3949,LDLR
2690,GHR
129607,CMPK2
51398,WDR83OS
3778,KCNMA1
2492,FSHR
100507217,CHASERR
5984,RFC4
1678,TIMM8A
10518,CIB2
7374,UNG
50674,NEUROG3
6833,ABCC8
1591,CYP24A1
4598,MVK
1234,CCR5
79053,ALG8
57465,TBC1D24
727857,BHLHA9
6950,TCP1
90268,OTULIN
57217,TTC7A
84839,RAX2
1524,CX3CR1
7098,TLR3
729230,CCR2
30835,CD209
6356,CCL11
6349,CCL3L1
6352,CCL5
3107,HLA-C
3577,CXCR1
6347,CCL2
6348,CCL3
6387,CXCL12
3586,IL10
3458,IFNG
7203,CCT3
4215,MAP3K3
5644,PRSS1
1080,CFTR
11330,CTRC
5645,PRSS2
6690,SPINK1
23503,ZFYVE26
477,ATP1A2
285527,FRYL
112476,PRRT2
219736,STOX1
6905,TBCE
6949,TCOF1
546,ATRX
6611,SMS
1374,CPT1A
81887,LAS1L
91181,NUP210L
84230,LRRC8C
23479,ISCU
8692,HYAL2
28982,FLVCR1
54463,RETREG1
6335,SCN9A
65125,WNK1
9276,COPB2
1376,CPT2
22907,DHX30
7407,VARS1
196528,ARID2
9230,RAB11B
6400,SEL1L
80000,GREB1L
23269,MGA
29761,USP25
4054,LTBP3
10075,HUWE1
2987,GUK1
8733,GPAA1
4688,NCF2
199699,DAND5
5279,PIGC
50943,FOXP3
26353,HSPB8
148345,CIROZ
84162,BLTP1
1806,DPYD
2902,GRIN1
2263,FGFR2
5447,POR
10587,TXNRD2
3861,KRT14
2561,GABRB2
54822,TRPM7
9837,GINS1
7187,TRAF3
9531,BAG3
80336,PABPC1L
25953,PNKD
128338,DRAM2
10560,SLC19A2
388753,COA6
116150,NUS1
493753,COA5
4915,NTRK2
79947,DHDDS
91137,SLC25A46
57211,ADGRG6
4047,LSS
311,ANXA11
6678,SPARC
1490,CCN2
10804,GJB6
3784,KCNQ1
2632,GBE1
4891,SLC11A2
26060,APPL1
22926,ATF6
4000,LMNA
9750,RIPOR2
653361,NCF1
27019,DNAI1
3892,KRT86
2703,GJA8
26580,BSCL2
1213,CLTC
131669,UROC1
23040,MYT1L
203228,C9ORF72
11235,PDCD10
83605,CCM2
81,ACTN4
8022,LHX3
122553,TRAPPC6B
5297,PI4KA
112752,IFT43
3026,HABP2
57688,ZSWIM6
2304,FOXE1
2893,GRIA4
81562,LMAN2L
3661,IRF3
57570,TRMT5
50615,IL21R
1605,DAG1
55612,FERMT1
84433,CARD11
50945,TBX22
54802,TRIT1
51081,MRPS7
7518,XRCC4
84823,LMNB2
9786,KIAA0586
5295,PIK3R1
178,AGL
4041,LRP5
84700,MYO18B
8777,MPDZ
10383,TUBB4B
23533,PIK3R5
1285,COL4A3
65057,ACD
7471,WNT1
672,BRCA1
83452,RAB33B
7305,TYROBP
54209,TREM2
4747,NEFL
22861,NLRP1
7700,ZNF141
109,ADCY3
1453,CSNK1D
6655,SOS2
498,ATP5F1A
7072,TIA1
23646,PLD3
4638,MYLK
9853,RUSC2
9860,LRIG2
114548,NLRP3
343450,KCNT2
84818,IL17RC
220,ALDH1A3
1355,COX15
81857,MED25
4693,NDP
267010,RNU12
9742,IFT140
65267,WNK3
4522,MTHFD1
939,CD27
55159,RFWD3
25959,KANK2
375790,AGRN
8792,TNFRSF11A
200205,IBA57
51111,KMT5B
790,CAD
55689,YEATS2
80155,NAA15
526,ATP6V1B2
28960,DCPS
1991,ELANE
146057,TTBK2
51083,GAL
80153,EDC3
55870,ASH1L
25885,POLR1A
79797,ZNF408
816,CAMK2B
815,CAMK2A
152926,PPM1K
5426,POLE
1441,CSF3R
4059,BCAM
1303,COL12A1
55714,TENM3
246243,RNASEH1
1482,NKX2-5
5950,RBP4
8241,RBM10
9051,PSTPIP1
51594,NBAS
83861,RSPH3
85301,COL27A1
84879,MFSD2A
1763,DNA2
27089,UQCRQ
1001,CDH3
3481,IGF2
54902,TTC19
6023,RMRP
59335,PRDM12
7381,UQCRB
6323,SCN1A
79188,TMEM43
9533,POLR1C
7385,UQCRC2
3630,INS
6934,TCF7L2
5078,PAX4
3667,IRS1
6927,HNF1A
3569,IL6
3767,KCNJ11
5770,PTPN1
5506,PPP1R3A
169026,SLC30A8
4760,NEUROD1
6514,SLC2A2
8660,IRS2
2820,GPD2
5167,ENPP1
5468,PPARG
2645,GCK
3159,HMGA1
9479,MAPK8IP1
56729,RETN
3990,LIPC
7466,WFS1
3172,HNF4A
4544,MTNR1B
3651,PDX1
10644,IGF2BP2
675,BRCA2
10280,SIGMAR1
3386,ICAM4
79651,RHBDF2
83938,LRMDA
23189,KANK1
7476,WNT7A
1832,DSP
5080,PAX6
351,APP
148789,B3GALNT2
27247,NFU1
1410,CRYAB
59345,GNB4
6576,SLC25A1
1419,CRYGB
2271,FH
2879,GPX4
3912,LAMB1
2235,FECH
51750,RTEL1
199713,NLRP7
87,ACTN1
79705,LRRK1
359,AQP2
4179,CD46
23363,OBSL1
629,CFB
6916,TBXAS1
3426,CFI
7056,THBD
718,C3
3848,KRT1
7155,TOP2B
3939,LDHA
1130,LYST
2027,ENO3
7846,TUBA1A
54344,DPM3
9179,AP4M1
2710,GK
79068,FTO
3417,IDH1
7157,TP53
2064,ERBB2
7170,TPM3
7169,TPM2
291,SLC25A4
5831,PYCR1
55975,KLHL7
92344,GORAB
2218,FKTN
3897,L1CAM
23203,PMPCA
56652,TWNK
8604,SLC25A12
2771,GNAI2
27031,NPHP3
6795,AURKC
85366,MYLK2
4624,MYH6
390594,KBTBD13
2706,GJB2
8635,RNASET2
1200,TPP1
8398,PLA2G6
25939,SAMHD1
5573,PRKAR1A
6640,SNTA1
1804,DPP6
54507,ADAMTSL4
977,CD151
9927,MFN2
2254,FGF9
2516,NR5A1
2301,FOXE3
6469,SHH
11200,CHEK2
10060,ABCC9
64131,XYLT1
368,ABCC6
79365,BHLHE41
200373,CFAP221
23529,CLCF1
9657,IQCB1
3549,IHH
3851,KRT4
4668,NAGA
9487,PIGL
84233,TMEM126A
84153,RNASEH2C
4254,KITLG
10535,RNASEH2A
117155,CATSPER2
117144,CATSPER1
161497,STRC
8823,FGF16
23224,SYNE2
8517,IKBKG
9935,MAFB
23345,SYNE1
10262,SF3B4
80821,DDHD1
494513,PJVK
84515,MCM8
5894,RAF1
2997,GYS1
79755,ZNF750
3291,HSD11B2
2629,GBA1
3909,LAMA3
23322,RPGRIP1L
846,CASR
4868,NPHS1
7827,NPHS2
1687,GSDME
1427,CRYGS
1029,CDKN2A
5173,PDYN
10939,AFG3L2
7840,ALMS1
5896,RAG1
5897,RAG2
6598,SMARCB1
4212,MEIS2
65055,REEP1
217,ALDH2
79813,EHMT1
6663,SOX10
1174,AP1S1
4292,MLH1
121512,FGD4
7915,ALDH5A1
2335,FN1
129563,DIS3L2
10585,POMT1
117531,TMC1
59341,TRPV4
259236,TMIE
443,ASPA
1938,EEF2
1836,SLC26A2
83394,PITPNM3
1545,CYP1B1
4053,LTBP2
7010,TEK
222662,LHFPL5
8419,BFSP2
79751,SLC25A22
8626,TP63
9719,ADAMTSL2
9321,TRIP11
554,AVPR2
1299,COL9A3
488,ATP2A2
4920,ROR2
5122,PCSK1
50484,RRM2B
64218,SEMA4A
1535,CYBA
157570,ESCO2
23636,NUP62
9775,EIF4A3
93183,PIGM
27429,HTRA2
10382,TUBB4A
1861,TOR1A
1738,DLD
7080,NKX2-1
91179,SCARF2
287,ANK2
10525,HYOU1
11093,ADAMTS13
6301,SARS1
56155,TEX14
254528,MEIOB
324,APC
7784,ZP3
5530,PPP3CA
10352,WARS2
708,C1QBP
124583,CANT1
10095,ARPC1B
2232,FDXR
2178,FANCE
7453,WARS1
55644,OSGEP
2006,ELN
4352,MPL
3643,INSR
2464,FRA16E
112858,TP53RK
163786,SASS6
84617,TUBB6
51002,TPRKB
162514,TRPV3
2548,GAA
1917,EEF1A2
2697,GJA1
7222,TRPC3
1314,COPA
4780,NFE2L2
9213,XPR1
197135,PATL2
1293,COL6A3
89,ACTN3
54805,CNNM2
4913,NTHL1
10342,TFG
29929,ALG6
9320,TRIP12
6529,SLC6A1
5879,RAC1
29920,PYCR2
3889,KRT83
6662,SOX9
2186,BPTF
51684,SUFU
4810,NHS
26229,B3GAT3
9469,CHST3
23404,EXOSC2
55331,ACER3
153241,CEP120
92935,MARS2
51776,MAP3K20
10464,PIBF1
5649,RELN
29089,UBE2T
359948,IRF2BP2
7372,UMPS
1794,DOCK2
29110,TBK1
207,AKT1
2196,FAT2
58508,KMT2C
8878,SQSTM1
100144748,KLLN
1639,DCTN1
6647,SOD1
5630,PRPH
4744,NEFH
9990,SLC12A6
261734,NPHP4
5358,PLS3
3071,NCKAP1L
10159,ATP6AP2
2525,FUT3
340533,NEXMIF
1144,CHRND
5913,RAPSN
4593,MUSK
2539,G6PD
8573,CASK
7512,XPNPEP2
4919,ROR1
6777,STAT5B
5880,RAC2
5165,PDK3
5521,PPP2R2B
4552,MTRR
3872,KRT17
23498,HAAO
24137,KIF4A
65993,MRPS34
374462,PTPRQ
64412,GZF1
8942,KYNU
6616,SNAP25
387787,LIPT2
57582,KCNT1
23426,GRIP1
6487,ST3GAL3
8239,USP9X
341640,FREM2
27229,TUBGCP4
7532,YWHAG
55690,PACS1
1288,COL4A6
3149,HMGB3
10686,CLDN16
149041,RC3H1
16,AARS1
3716,JAK1
51112,TRAPPC12
8526,DGKE
3508,IGHMBP2
57082,KNL1
284403,WDR62
2212,FCGR2A
7040,TGFB1
219285,SAMD9L
9071,CLDN10
9885,OSBPL2
55154,MSTO1
1020,CDK5
103,ADAR
7343,UBTF
150094,SIK1
85007,PHYKPL
1759,DNM1
3665,IRF7
124872,B4GALNT2
1716,DGUOK
1181,CLCN2
4620,MYH2
1420,CRYGC
4524,MTHFR
3162,HMOX1
4282,MIF
1105,CHD1
10087,CERT1
1500,CTNND1
5528,PPP2R5D
204219,CERS3
2200,FBN1
57231,SNX14
285848,PNPLA1
5073,PARN
8706,B3GALNT1
23086,EXPH5
1428,CRYM
55526,DHTKD1
55065,SLC52A1
9241,NOG
7299,TYR
5518,PPP2R1A
113612,CYP2U1
2153,F5
9895,TECPR2
2911,GRM1
402381,SOHLH1
3737,KCNA2
63982,ANO3
91574,MTRFR
55773,TBC1D23
23126,POGZ
57680,CHD8
8558,CDK10
23259,DDHD2
2147,F2
2162,F13A1
27125,AFF4
92609,TIMM50
1909,EDNRA
5836,PYGL
58,ACTA1
7173,TPO
124590,USH1G
10329,RXYLT1
8818,DPM2
122961,ISCA2
8989,TRPA1
83636,C19ORF12
400916,CHCHD10
149233,IL23R
57679,ALS2
345193,LRIT3
6635,SNRPE
5741,PTH
286204,CRB2
6017,RLBP1
5959,RDH5
2071,ERCC3
404672,GTF2H5
26160,IFT172
3752,KCND3
93233,ODAD1
79734,KCTD17
9427,ECEL1
55151,TMEM38B
344,APOC2
2583,B4GALNT1
7046,TGFBR1
7227,TRPS1
9949,AMMECR1
139212,DNAAF6
51574,LARP7
57459,GATAD2B
6134,RPL10
1499,CTNNB1
1291,COL6A1
2774,GNAL
8473,OGT
9526,MPDU1
317719,KLHL10
442186,OR2J3
29887,SNX10
1747,DLX3
92667,MGME1
8492,PRSS12
2250,FGF5
176,ACAN
23218,NBEAL2
10916,MAGED2
57534,MIB1
1977,EIF4E
51132,RLIM
63925,ZNF335
537,ATP6AP1
3756,KCNH1
8622,PDE8B
91851,CHRDL1
2010,EMD
3858,KRT10
5077,PAX3
80311,KLHL15
22852,ANKRD26
4478,MSN
633,BGN
1814,DRD3
9758,FRMPD4
389856,USP27X
10149,ADGRG2
3188,HNRNPH2
7253,TSHR
10058,ABCB6
1244,ABCC2
6324,SCN1B
7045,TGFBI
24,ABCA4
57187,THOC2
3236,HOXD10
54539,NDUFB11
7737,RNF113A
55651,NHP2
55505,NOP10
6935,ZEB1
1296,COL8A2
79574,EPS8L3
83706,FERMT3
9060,PAPSS2
259197,NCR3
10682,EBP
6872,TAF1
4841,NONO
28952,CCDC22
3557,IL1RN
7297,TYK2
1654,DDX3X
57038,RARS2
23385,NCSTN
3145,HMBS
4645,MYO5B
3728,JUP
51119,SBDS
4683,NBN
5551,PRF1
2617,GARS1
2299,FOXI1
3766,KCNJ10
5172,SLC26A4
81624,DIAPH3
25978,CHMP2B
6906,SERPINA7
6748,SSR4
4094,MAF
11043,MID2
283989,TSEN54
875,CBS
4853,NOTCH2
5354,PLP1
83550,GPR101
90121,TSR2
272,AMPD3
4327,MMP19
51473,DCDC2
6559,SLC12A3
1414,CRYBB1
1829,DSG2
135935,NOBOX
9987,HNRNPDL
161742,SPRED1
50717,DCAF8
673,BRAF
730,C7
79083,MLPH
5352,PLOD2
1411,CRYBA1
7879,RAB7A
3717,JAK2
2512,FTL
146167,SLC38A8
8754,ADAM9
144568,A2ML1
525,ATP6V1B1
1301,COL11A1
84876,ORAI1
220074,LRTOMT
50814,NSDHL
2688,GH1
3988,LIPA
6261,RYR1
6786,STIM1
5015,OTX2
26504,CNNM4
1509,CTSD
9499,MYOT
80326,WNT10A
51057,WDPCP
11232,POLG2
70,ACTC1
64241,ABCG8
55636,CHD7
1729,DIAPH1
113235,SLC46A1
1906,EDN1
5625,PRODH
7168,TPM1
4607,MYBPC3
51422,PRKAG2
7139,TNNT2
1277,COL1A1
799,CALCR
8572,PDLIM4
153562,MARVELD2
107,ADCY1
5340,PLG
866,SERPINA6
2488,FSHB
6899,TBX1
2627,GATA6
137814,NKX2-6
132884,EVC2
2121,EVC
1186,CLCN7
9992,KCNE2
919,CD247
9842,PLEKHM1
84662,GLIS2
7048,TGFBR2
50511,SYCP3
2303,FOXC2
2316,FLNA
23592,LEMD3
6708,SPTA1
79621,RNASEH2B
7026,NR2F2
124997,WDR81
23414,ZFPM2
3596,IL13
117156,SCGB3A2
7124,TNF
3135,HLA-G
4589,MUC7
3176,HNMT
240,ALOX5
5648,MASP1
26115,TANC2
5324,PLAG1
8091,HMGA2
3718,JAK3
5244,ABCB4
6652,SORD
137682,NDUFAF6
23291,FBXW11
131118,DNAJC19
4363,ABCC1
169792,GLIS3
55152,DALRD3
23097,CDK19
2891,GRIA2
4131,MAP1B
83872,HMCN1
10878,CFHR3
3078,CFHR1
6326,SCN2A
1000,CDH2
5837,PYGM
2917,GRM7
4361,MRE11
23746,AIPL1
55764,IFT122
717,C2
25,ABL1
79415,CYBC1
56479,KCNQ5
23152,CIC
149461,CLDN19
80736,SLC44A4
23312,DMXL2
29980,DONSON
9863,MAGI2
401138,AMTN
84172,POLR1B
60,ACTB
9997,SCO2
200879,LIPH
10755,GIPC1
81689,ISCA1
2517,FUCA1
55329,MNS1
199221,DZIP1L
80232,WDR26
3570,IL6R
1890,TYMP
5428,POLG
1180,CLCN1
26503,SLC17A5
55617,TASP1
6182,MRPL12
28957,MRPS28
80210,ARMC9
4190,MDH1
2625,GATA3
51649,MRPS23
5978,REST
9371,KIF3B
9681,DEPDC5
10137,RBM12
8292,COLQ
113246,C12ORF57
80208,SPG11
1123,CHN1
51,ACOX1
5331,PLCB3
10274,STAG1
4038,LRP4
10625,IVNS1ABP
7515,XRCC1
5726,TAS2R38
57728,WDR19
64787,EPS8L2
84059,ADGRV1
8864,PER2
5631,PRPS1
5205,ATP8B1
9699,RIMS2
55553,SOX6
1468,SLC25A10
8884,SLC5A6
23288,IQCE
5087,PBX1
1140,CHRNB1
676,BRDT
84148,KAT8
4654,MYOD1
114902,C1QTNF5
5274,SERPINI1
1409,CRYAA
6622,SNCA
29899,GPSM2
4287,ATXN3
104,ADARB1
91452,ACBD5
50651,SLC45A1
151648,SGO1
83932,SPRTN
8029,CUBN
23446,SLC44A1
2895,GRID2
85446,ZFHX2
2972,BRF1
7277,TUBA4A
100996717,NOTCH2NLC
3008,H1-4
6390,SDHB
6391,SDHC
6392,SDHD
116931,MED12L
387119,CEP85L
10300,KATNB1
1630,DCC
51741,WWOX
55790,CSGALNACT1
64072,CDH23
1723,DHODH
10026,PIGK
755,CFAP410
2120,ETV6
375387,NRROS
472,ATM
10501,SEMA6B
84570,COL25A1
5610,EIF2AK2
27102,EIF2AK1
23022,PALLD
220202,ATOH7
9289,ADGRG1
81693,AMN
9247,GCM2
2590,GALNT2
80781,COL18A1
3694,ITGB6
130589,GALM
199857,ALG14
7528,YY1
9581,PREPL
6773,STAT2
90993,CREB3L1
23761,PISD
85365,ALG2
28234,SLCO1B3
10599,SLCO1B1
958,CD40
8726,EED
10715,CERS1
84504,NKX6-2
26284,ERAL1
25930,PTPN23
4174,MCM5
833,CARS1
84314,TMEM107
1371,CPOX
844,CASQ1
9394,HS6ST1
2253,FGF8
26012,NSMF
2796,GNRH1
2798,GNRHR
2260,FGFR1
6866,TAC3
9723,SEMA3E
3730,ANOS1
55717,WDR11
6870,TACR3
60675,PROK2
285025,CCDC141
558,AXL
10371,SEMA3A
389549,FEZF1
84634,KISS1R
10011,SRA1
128674,PROKR2
3814,KISS1
54840,APTX
79731,NARS2
6820,SULT2B1
25981,DNAH1
8879,SGPL1
121214,SDR9C7
23461,ABCA5
805,CALM2
100128927,ZBTB42
801,CALM1
6523,SLC5A1
3931,LCAT
4882,NPR2
5971,RELB
9474,ATG5
3859,KRT12
9928,KIF14
51651,PTRH2
55779,CFAP44
80217,CFAP43
5692,PSMB4
54941,RNF125
9319,TRIP13
11284,PNKP
259232,NALCN
2954,GSTZ1
10463,SLC30A9
388662,SLC6A17
51227,PIGP
7994,KAT6A
6528,SLC5A5
257,ALX3
258,AMBN
1749,DLX5
81570,CLPB
5825,ABCD3
1892,ECHS1
51117,COQ4
146862,UNC45B
54583,EGLN1
84706,GPT2
4141,MARS1
4547,MTTP
126129,CPT1C
3691,ITGB4
3655,ITGA6
5351,PLOD1
50,ACO2
112,ADCY6
8506,CNTNAP1
85476,GFM1
203547,VMA21
256297,PTF1A
6548,SLC9A1
831,CAST
9871,SEC24D
117581,TWIST2
51601,LIPT1
23586,RIGI
55215,FANCI
83990,BRIP1
8869,ST3GAL5
34,ACADM
79641,ROGDI
5318,PKP2
1019,CDK4
10157,AASS
6491,STIL
3913,LAMB2
105259599,-
3119,HLA-DQB1
1828,DSG1
9509,ADAMTS2
79644,SRD5A3
145226,RDH12
412,STS
84701,COX4I2
6697,SPR
2628,GATM
668,FOXL2
6338,SCNN1B
37,ACADVL
35,ACADS
2033,EP300
1387,CREBBP
788,SLC25A20
538,ATP7A
10283,CWC27
960,CD44
4534,MTM1
285590,SH3PXD2B
10483,SEC23B
23230,VPS13A
3030,HADHA
2593,GAMT
4322,MMP13
7414,VCL
7390,UROS
210,ALAD
83715,ESPN
2395,FXN
53947,A4GALT
23193,GANAB
146059,CDAN1
6584,SLC22A5
2077,ERF
158,ADSL
7517,XRCC3
2904,GRIN2B
2707,GJB3
3209,HOXA13
3048,HBG2
345895,RSPH4A
3039,HBA1
3040,HBA2
80207,OPA3
4758,NEU1
2255,FGF10
9620,CELSR1
5176,SERPINF1
221421,RSPH9
24148,PRPF6
3759,KCNJ2
121391,KRT74
22858,CILK1
6507,SLC1A3
3043,HBB
109580095,-
55135,WRAP53
5476,CTSA
7535,ZAP70
26277,TINF2
274,BIN1
2055,CLN8
7132,TNFRSF1A
36,ACADSB
55325,UFSP2
1175,AP2S1
6262,RYR2
659,BMPR2
10786,SLC17A3
26090,ABHD12
9131,AIFM1
2752,GLUL
79443,FYCO1
26227,PHGDH
6566,SLC16A1
5149,PDE6H
5979,RET
728294,D2HGDH
9095,TBX19
2038,EPB42
974,CD79B
9896,FIG4
57057,TBX20
347733,TUBB2B
23396,PIP5K1C
1811,SLC26A3
1028,CDKN1C
10984,KCNQ1OT1
26047,CNTNAP2
5885,RAD21
1634,DCN
63901,FAM111A
1184,CLCN5
3918,LAMC2
25861,WHRN
23431,AP4E1
631,BFSP1
1356,CP
4353,MPO
5328,PLAU
164656,TMPRSS6
6443,SGCB
8671,SLC4A4
23511,NUP188
26007,TKFC
54974,THG1L
54970,TTC12
8456,FOXN1
4018,LPA
20,ABCA2
91647,ATPAF2
9420,CYP7B1
10908,PNPLA6
55163,PNPO
338917,VSX2
3178,HNRNPA1
55210,ATAD3A
89874,SLC25A21
1834,DSPP
9493,KIF23
6628,SNRPB
58494,JAM2
7204,TRIO
94137,RP1L1
29894,CPSF1
4659,PPP1R12A
91461,PKDCC
8087,FXR1
246213,SLC17A8
8405,SPOP
7036,TFR2
22871,NLGN1
55278,QRSL1
11005,SPINK5
5188,GATB
55704,CCDC88A
9739,SETD1A
5500,PPP1CB
283459,GATC
79625,NDNF
7431,VIM
51780,KDM3B
27040,LAT
57591,MRTFA
64208,POPDC3
4194,MDM4
5718,PSMD12
55191,NADSYN1
63916,ELMO2
55812,SPATA7
57731,SPTBN4
6223,RPS19
5664,PSEN2
587,BCAT2
29928,TIMM22
8737,RIPK1
23001,WDFY3
2811,GP1BA
2812,GP1BB
2815,GP9
127534,GJB4
4858,NOVA2
9181,ARHGEF2
25871,RMP64
22868,FASTKD2
9373,PLAA
2531,KDSR
401474,SAMD12
1718,DHCR24
65217,PCDH15
55703,POLR3B
114609,TIRAP
720,C4A
1154,CISH
463,ZFHX3
10059,DNM1L
7021,TFAP2B
148738,HJV
2563,GABRD
308,ANXA5
8021,NUP214
6886,TAL1
6887,TAL2
2322,FLT3
2782,GNB1
581,BAX
613,BCR
2348,FOLR1
5184,PEPD
84466,MEGF10
6340,SCNN1G
4318,MMP9
54453,RIN2
407053,MIR96
2671,GFER
125336,LOXHD1
10111,RAD50
6513,SLC2A1
1528,CYB5A
84733,CBX2
7092,TLL1
11081,KERA
10019,SH2B3
2057,EPOR
79659,DYNC2H1
1187,CLCNKA
1188,CLCNKB
2048,EPHB2
5146,PDE6C
5972,REN
5311,PKD2
1969,EPHA2
4157,MC1R
5663,PSEN1
4137,MAPT
57167,SALL4
5727,PTCH1
2736,GLI2
79718,TBL1XR1
8647,ABCB11
79728,PALB2
487,ATP2A1
775,CACNA1C
3423,IDS
25836,NIPBL
22873,DZIP1
2677,GGCX
3000,GUCY2D
57724,EPG5
506,ATP5F1B
51314,NME8
4540,MT-ND5
4541,MT-ND6
4535,MT-ND1
4536,MT-ND2
4538,MT-ND4
4514,MT-CO3
4519,MT-CYB
4539,MT-ND4L
114625,ERMAP
4175,MCM6
89884,LHX4
64785,GINS3
667,DST
7038,TG
23742,NPAP1
338433,SNORD115-1
10108,-
100033413,SNORD116-1
7681,MKRN3
8924,HERC2
791114,PWRN1
145624,PWAR1
54551,MAGEL2
3653,-
2994,GYPB
55243,KIRREL1
317761,C14ORF39
64065,PERP
10655,DMRT2
6092,ROBO2
4627,MYH9
7007,TECTA
57007,ACKR3
5702,PSMC3
9780,PIEZO1
64856,VWA1
10743,RAI1
5864,RAB3A
439,GET3
2019,EN1
51528,JKAMP
819,CAMLG
51608,GET4
64327,LMBR1
219972,MPEG1
1830,DSG3
7174,TPP2
58472,SQOR
4613,MYCN
1201,CLN3
51729,WBP11
6304,SATB1
147912,SIX5
8883,NAE1
55186,SLC25A36
9563,H6PD
84265,POLR3GL
570,BAAT
51066,SSUH2
84196,USP48
920,CD4
390595,UBAP1L
6295,SAG
8452,CUL3
435,ASL
80036,TRPM3
7345,UCHL1
55884,WSB2
3248,HPGD
63895,PIEZO2
11077,HSF2BP
493856,CISD2
158326,FREM1
55640,FLVCR2
23112,TNRC6B
358,AQP1
91875,TTC5
100127206,MINAR2
54800,KLHL24
57685,CACHD1
5705,PSMC5
84033,OBSCN
101954271,RNU6-9
4773,NFATC2
101954278,RNU6-8
10551,AGR2
103625684,RNU6-2
26827,RNU6-1
6508,SLC4A3
60386,SLC25A19
26834,RNU4-2
10436,EMG1
1497,CTNS
6554,SLC10A1
284382,ACTL9
6389,SDHA
55605,KIF21A
1315,COPB1
7716,VEZF1
6532,SLC6A4
3356,HTR2A
256472,TMEM151A
779,CACNA1S
81615,TMEM163
55901,THSD1
6599,SMARCC1
10079,ATP9A
23383,MAU2
2801,GOLGA2
64802,NMNAT1
3690,ITGB3
27185,DISC1
55181,SMG8
1893,ECM1
375056,MIA3
8516,ITGA8
23500,DAAM2
284361,EMC10
3683,ITGAL
5256,PHKA2
29105,CFAP20
100151684,RNU6ATAC
4771,NF2
5728,PTEN
4330,MN1
6605,SMARCE1
5155,PDGFB
283450,HECTD4
5138,PDE2A
265,AMELX
128,ADH5
6770,STAR
26960,NBEA
9722,NOS1AP
1593,CYP27A1
781,CACNA2D1
2776,GNAQ
9211,LGI1
51343,FZR1
84678,KDM2B
10093,ARPC4
4976,OPA1
4016,LOXL1
23149,FCHO1
1638,DCT
644096,SDHAF1
841,CASP8
29072,SETD2
4233,MET
285521,COX18
4884,NPTX1
5729,PTGDR
3242,HPD
26153,KIF26A
55157,DARS2
338657,CENATAC
678,ZFP36L2
153,ADRB1
79605,PGBD5
58528,RRAGD
7125,TNNC2
63915,BLOC1S5
6868,ADAM17
1185,CLCN6
645104,CLRN2
4718,NDUFC2
4001,LMNB1
283677,REC114
89876,CFAP91
1801,DPH1
93627,TBCK
9249,DHRS3
9570,GOSR2
29967,LRP12
54675,CRLS1
55270,NUDT15
5725,PTBP1
823,CAPN1
10555,AGPAT2
56984,PSMG2
5313,PKLR
222663,SCUBE3
80726,IQCN
23116,TOGARAM1
6687,SPG7
23036,ZNF292
55148,UBR7
55775,TDP1
342618,SLFN14
23545,ATP6V0A2
3070,HELLS
83879,CDCA7
54872,PIGG
7467,-
10815,CPLX1
1487,CTBP1
53834,FGFRL1
7468,NSD2
3954,LETM1
79669,C3ORF52
54084,TSPEAR
2259,FGF14
699,BUB1
9653,HS2ST1
3735,KARS1
84138,SLC7A6OS
3105,HLA-A
3106,HLA-B
56006,SMG9
10846,PDE10A
8379,MAD1L1
8085,KMT2D
55719,SLF2
23137,SMC5
10907,TXNL4A
55343,SLC35C1
79759,ZNF668
283209,PGM2L1
492,ATP2B3
11146,GLMN
6473,SHOX
23286,WWC1
54112,GPR88
917,CD3G
84946,LTV1
6714,SRC
1962,EHHADH
2103,ESRRB
8106,PABPN1
85452,CFAP74
136932118,-
7234,TRU-TCA1-1
157855,KCNU1
3339,HSPG2
2652,OPN1MW
3313,HSPA9
6929,TCF3
2074,ERCC6
916,CD3E
2961,GTF2E2
51567,TDP2
134430,WDR36
7100,TLR5
200403,VWA3B
29119,CTNNA3
93426,SYCE1
915,CD3D
51308,REEP2
9894,TELO2
3371,TNC
51095,TRNT1
56052,ALG1
84627,ZNF469
25923,ATL3
3033,HADH
6569,SLC34A1
89891,DYNC2I2
84529,CDIN1
132,ADK
2584,GALK1
4171,MCM2
79848,CSPP1
11133,KPTN
6334,SCN8A
406960,MIR184
50506,DUOX2
23600,AMACR
8763,CD164
3074,HEXB
53630,BCO1
473,RERE
80347,COASY
54931,TRMT10C
3097,HIVEP2
121278,TPH2
2289,FKBP5
23732,FRRS1L
55906,ZC4H2
29893,PSMC3IP
4358,MPV17
8314,BAP1
9378,NRXN1
7050,TGIF1
3712,IVD
4615,MYD88
3868,KRT16
5147,PDE6D
4604,MYBPC1
128637,TBC1D20
55969,RAB5IF
5406,PNLIP
4914,NTRK1
5395,PMS2
11078,TRIOBP
10367,MICU1
3702,ITK
55180,LINS1
8929,PHOX2B
1103,CHAT
238,ALK
286077,SACK1H
64805,P2RY12
3955,LFNG
3075,CFH
1056,CEL
953,ENTPD1
10613,ERLIN1
6337,SCNN1A
51816,ADA2
23204,ARL6IP1
271,AMPD2
5261,PHKG2
6785,ELOVL4
9516,LITAF
5422,POLA1
137196,CCDC26
204,AK2
56983,POGLUT1
5449,POU1F1
79784,MYH14
7473,WNT3
6496,SIX3
8086,AAAS
8139,GAN
6910,TBX5
1439,CSF2RB
4153,MBL2
22948,CCT5
367,AR
9381,OTOF
64699,TMPRSS3
4436,MSH2
735,C9
3551,IKBKB
10617,STAMBP
102,ADAM10
57128,LYRM4
3703,STT3A
197322,ACSF3
7293,TNFRSF4
91754,NEK9
6873,TAF2
201595,STT3B
4481,MSR1
115908,CTHRC1
51008,ASCC1
55654,TMEM127
4149,MAX
23095,KIF1B
7428,VHL
8710,SERPINB7
26873,OPLAH
23417,MLYCD
6720,SREBF1
9380,GRHPR
1109,AKR1C4
1646,AKR1C2
4221,MEN1
79577,CDC73
7941,PLA2G7
2201,FBN2
55034,MOCOS
10559,SLC35A1
10584,COLEC10
6007,RHD
23451,SF3B1
2624,GATA2
171023,ASXL1
54790,TET2
1298,COL9A2
54361,WNT4
154288,KHDC3L
5892,RAD51D
55214,P3H2
388962,BOLA3
55521,TRIM36
9897,WASHC5
249,ALPL
389692,MAFA
7337,UBE3A
10117,ENAM
2248,FGF3
64421,DCLRE1C
8676,STX11
85320,ABCC11
26137,ZBTB20
3239,HOXD13
57104,PNPLA2
3815,KIT
8915,BCL10
6794,STK11
4626,MYH8
3835,KIF22
5213,PFKM
51196,PLCE1
5310,PKD1
10456,HAX1
23111,SPART
5956,OPN1LW
10049,DNAJB6
100151683,RNU4ATAC
25814,ATXN10
4939,OAS2
9466,IL27RA
3777,KCNK3
1027,CDKN1B
2068,ERCC2
2067,ERCC1
9126,SMC3
10166,SLC25A15
3938,LCT
3394,IRF8
57554,LRRC7
949,SCARB1
1284,COL4A2
22845,DOLK
55750,AGK
112812,FDX2
10524,KAT5
9451,EIF2AK3
6536,SLC6A9
1548,CYP2A6
5250,SLC25A3
130951,M1AP
2683,B4GALT1
6434,TRA2B
1636,ACE
29895,MYL11
57545,CC2D2A
22818,COPZ1
3839,KPNA3
79005,SCNM1
51340,CRNKL1
80320,SP6
2968,GTF2H4
50846,DHH
284252,KCTD1
3157,HMGCS1
8468,FKBP6
60493,FASTKD5
2571,GAD1
90522,YIF1B
10651,MTX2
7078,TIMP3
6472,SHMT2
55755,CDK5RAP2
10220,GDF11
6253,RTN2
90416,CCDC32
4040,LRP6
10161,LPAR6
23031,MAST3
345275,HSD17B13
118924,FRA10AC1
28956,LAMTOR2
8911,CACNA1I
3710,ITPR3
9525,VPS4B
4148,MATN3
64376,IKZF5
57020,VPS35L
11014,KDELR2
1540,CYLD
57152,SLURP1
55835,CPAP
120892,LRRK2
383,ARG1
6329,SCN4A
23025,UNC13A
23223,RRP12
654,BMP6
899,CCNF
7516,XRCC2
27161,AGO2
5626,PROP1
5566,PRKACA
5567,PRKACB
159686,CFAP58
375298,CERKL
132001,TAMM41
2138,EYA1
4846,NOS3
7388,UQCRH
10458,BAIAP2
90523,MLIP
7389,UROD
4713,NDUFB7
84986,ARHGAP19
64858,DCLRE1B
6495,SIX1
50640,PNPLA8
26275,HIBCH
26750,RPS6KC1
53632,PRKAG3
4487,MSX1
6208,RPS14
8291,DYSF
7109,TRAPPC10
8854,ALDH1A2
10992,SF3B2
1119,CHKA
3631,INPP4A
8496,PPFIBP1
118987,PDZD8
501,ALDH7A1
6840,SVIL
185,AGTR1
183,AGT
4281,MID1
6341,SCO1
162,AP1B1
201134,CEP112
1352,COX10
57674,RNF213
5689,PSMB1
5498,PPOX
122618,PLD4
64091,POPDC2
8382,NME5
63908,NAPB
79147,FKRP
4901,NRL
7298,TYMS
1340,COX6B1
51204,TACO1
84987,COX14
28958,COA3
1351,COX8A
116228,COX20
100131801,PET100
55037,PTCD3
1136,CHRNA3
22954,TRIM32
3911,LAMA5
57462,MYORG
6575,SLC20A2
79903,NAA60
80213,TM2D3
10015,PDCD6IP
56970,ATXN7L3
55107,ANO1
3685,ITGAV
1854,DUT
27304,MOCS3
51366,UBR5
79087,ALG12
1155,TBCB
84334,COA8
56886,UGGT1
1339,COX6A2
22,ABCB7
100303755,PET117
9377,COX5A
1327,COX4I1
4697,COXFA4
10282,BET1
29880,ALG5
9333,TGM5
154313,CFAP206
6908,TBP
652991,SKOR2
374654,KIF7
9924,PAN2
283120,H19
2239,GPC4
2719,GPC3
23557,SNAPIN
23265,EXOC7
1802,DPH2
1576,CYP3A4
2615,LRRC32
27252,KLHL20
4953,ODC1
5091,PC
149371,EXOC8
22900,CARD8
6660,SOX5
285175,UNC80
4595,MUTYH
171019,ADAMTS19
22859,ADGRL1
83475,DOHH
84992,PIGY
55027,HEATR3
6558,SLC12A2
10236,HNRNPR
51611,DPH5
5700,PSMC1
79966,SCD5
402,ARL2
5594,MAPK1
79816,TLE6
11149,POPDC1
25828,TXN2
10253,SPRY2
84919,PPP1R15B
5687,PSMA6
7292,TNFSF4
2099,ESR1
2730,GCLM
440823,MIAT
2155,F7
4049,LTA
4973,OLR1
7804,LRP8
2729,GCLC
3957,LGALS2
51244,CCDC174
54862,CC2D1A
6742,SSBP1
51085,MLXIPL
10430,TMEM147
55691,FRMD4A
3187,HNRNPH1
146754,DNAH2
91057,CCDC34
1769,DNAH8
22880,MORC2
11117,EMILIN1
4677,NARS1
2937,GSS
9080,CLDN9
9147,NEMF
147007,VMA12
84317,VMA22
53904,MYO3A
55679,LIMS2
92154,MTSS2
84978,FRMD5
51251,NT5C3A
56683,CFAP298
10243,GPHN
85478,DRC2
51053,GMNN
6674,SPAG1
6307,MSMO1
10664,CTCF
57592,ZNF687
55112,DYNC2I1
23534,TNPO3
81034,SLC25A32
2658,GDF2
3720,JARID2
865,CBFB
8787,RGS9
5199,CFP
270,AMPD1
7167,TPI1
54832,VPS13C
29926,GMPPA
2066,ERBB4
5293,PIK3CD
2495,FTH1
1417,CRYBB3
9094,UNC119
778,CACNA1F
7503,XIST
10,NAT2
5443,POMC
948,CD36
57526,PCDH19
123624,AGBL1
23094,SIPA1L3
10758,TRAF3IP2
5915,RARB
9829,DNAJC6
51218,GLRX5
60529,ALX4
4204,MECP2
8867,SYNJ1
11253,MAN1B1
10841,FTCD
55737,VPS35
7874,USP7
51206,GP6
6550,SLC9A3
27315,PGAP2
26525,IL36RN
9325,TRIP4
83987,CCDC8
29940,DSE
27077,B9D1
1641,DCX
23676,SMPX
163183,SYNE4
51428,DDX41
80185,TTI2
55780,ERMARD
23065,EMC1
5079,PAX5
2626,GATA4
10320,IKZF1
11280,SCN11A
128989,TANGO2
79633,FAT4
57572,DOCK6
59344,ALOXE3
242,ALOX12B
1302,COL11A2
6336,SCN10A
8863,PER3
51501,HIKESHI
6138,RPL15
5618,PRLR
3490,IGFBP7
25782,RAB3GAP2
23443,SLC35A3
22931,RAB18
5580,PRKCD
1778,DYNC1H1
255928,SYT14
57647,DHX37
50937,CDON
338,APOB
1857,DVL3
51124,IER3IP1
23165,NUP205
9688,NUP93
5075,PAX1
202018,TAPT1
4751,NEK2
190,NR0B1
7137,TNNI3
79934,COQ8B
440,ASNS
4791,NFKB2
5538,PPT1
119559,SFXN4
6658,SOX3
1203,CLN5
81545,FBXO38
9439,MED23
6103,RPGR
4340,MOG
7043,TGFB3
1981,EIF4G1
22827,PUF60
2036,EPB41L1
10369,CACNG2
3299,HSF4
26235,FBXL4
776,CACNA1D
2775,GNAO1
23334,SZT2
91147,TMEM67
197131,UBR1
89765,RSPH1
161582,DNAAF4
80816,ASXL3
56616,DIABLO
10528,NOP56
644,BLVRA
5243,ABCB1
2188,FANCF
288,ANK3
6772,STAT1
23321,TRIM2
91,ACVR1B
2660,MSTN
5105,PCK1
1407,CRY1
2876,GPX1
84146,ZNF644
90167,FRMD7
23347,SMCHD1
79600,TCTN1
11107,PRDM5
26258,BLOC1S6
5224,PGAM2
80776,B9D2
126410,CYP4F22
26154,ABCA12
4117,MAK
3590,IL11RA
3769,KCNJ13
10345,TRDN
845,CASQ2
9049,AIP
1674,DES
30813,VSX1
5800,PTPRO
4488,MSX2
2720,GLB1
6533,SLC6A6
1585,CYP11B2
4286,MITF
165918,RNF168
8912,CACNA1H
343035,RD3
2161,F12
1471,CST3
5309,PITX3
6229,RPS24
5053,PAH
1116,CHI3L1
1760,DMPK
29954,POMT2
9215,LARGE1
427,ASAH1
6530,SLC6A2
4998,ORC1
1621,DBH
9562,MINPP1
57522,SRGAP1
71,ACTG1
284654,RSPO1
549,AUH
1009,CDH11
6821,SUOX
221322,TBC1D32
26855,RNU2-2
26832,RNU5B-1
4548,MTR
65250,CPLANE1
4817,NIT1
51592,TRIM33
405753,DUOXA2
136647,MPLKIP
4716,NDUFB10
8567,MADD
23067,SETD1B
5106,PCK2
55706,NDC1
3419,IDH3A
54766,BTG4
343637,RSPO4
22929,SEPHS1
7284,TUFM
5805,PTS
63899,NSUN3
2193,FARSA
26276,VPS33B
10491,CRTAP
203190,LGI3
5557,PRIM1
387129,NPSR1
1073,CFL2
3110,MNX1
1104,RCC1
84081,NSRP1
10155,TRIM28
22899,ARHGEF15
219844,HYLS1
54658,UGT1A1
64432,MRPS25
84842,HPDL
5860,QDPR
84274,COQ5
25793,FBXO7
125170,MIEF2
8910,SGCE
29969,MDFIC
662,BNIP1
8914,TIMELESS
392617,ELFN1
55294,FBXW7
29763,PACSIN3
3082,HGF
7403,KDM6A
2532,ACKR1
29126,CD274
22807,IKZF2
84790,TUBA1C
146183,OTOA
64321,SOX17
768206,PRCD
79001,VKORC1
1559,CYP2C9
79048,SECISBP2
55362,TMEM63B
6439,SFTPB
6197,RPS6KA3
50700,RDH8
80233,FAAP100
5921,RASA1
8720,MBTPS1
118461,C10ORF71
91624,NEXN
2249,FGF4
84971,ATG4D
3425,IDUA
3673,ITGA2
3674,ITGA2B
84444,DOT1L
10116,FEM1B
54332,GDAP1
6139,RPL17
84676,TRIM63
3617,IMPG1
593,BCKDHA
54499,TMCO1
2649,NR6A1
4438,MSH4
8565,YARS1
4205,MEF2A
2011,MARK2
286676,ILDR1
440193,CCDC88C
51322,WAC
9455,HOMER2
1312,COMT
4851,NOTCH1
7546,ZIC2
51142,CHCHD2
9445,ITM2B
57410,SCYL1
5830,PEX5
9663,LPIN2
10735,STAG2
8243,SMC1A
406987,MIR204
64116,SLC39A8
1305,COL13A1
2622,DRC4
89970,RSPRY1
23028,KDM1A
3757,KCNH2
55593,OTUD5
2258,FGF13
286464,CFAP47
2158,F9
7317,UBA1
10229,COQ7
11151,CORO1A
84816,RTN4IP1
57122,NUP107
6900,CNTN2
998,CDC42
26011,TENM4
10982,MAPRE2
1287,COL4A5
2122,MECOM
51284,TLR7
6314,ATXN7
84679,SLC9A7
90161,HS6ST2
4694,NDUFA1
889,KRIT1
7037,TFRC
54885,TBC1D8B
63035,BCORL1
7128,TNFAIP3
7283,TUBG1
340719,NANOS1
3796,KIF2A
1911,PHC1
284086,NEK8
118856,MMP21
8471,IRS4
84061,MAGT1
10943,MSL3
6907,TBL1X
201973,PRIMPOL
79576,NKAP
2523,FUT1
2524,FUT2
3181,HNRNPA2B1
57531,HACE1
84173,ELMOD3
10568,SLC34A2
1589,CYP21A2
7454,WAS
4043,LRPAP1
8270,LAGE3
147183,KRT25
22866,CNKSR2
23568,ARL2BP
1859,DYRK1A
79853,TM4SF20
811,CALR
64857,PLEKHG2
3514,IGKC
51520,LARS1
5592,PRKG1
4329,ALDH6A1
23328,SASH1
63932,STEEP1
286410,ATP11C
407,ARR3
5162,PDHB
114928,GPRASP2
60528,ELAC2
10293,TRAIP
9702,CEP57
10319,LAMC3
51364,ZMYND10
5654,HTRA1
1786,DNMT1
3123,HLA-DRB1
347688,TUBB8
23247,KATNIP
1537,CYC1
1118,CHIT1
9731,CEP104
55130,ODAD2
1748,DLX4
112609,MRAP2
8192,CLPP
170692,ADAMTS18
23389,MED13L
3945,LDHB
8913,CACNA1G
115286,SLC25A26
4643,MYO1E
10892,MALT1
1297,COL9A1
4512,MT-CO1
4574,MT-TS1
4549,MT-RNR1
23141,ANKLE2
4099,MAG
29925,GMPPB
57468,SLC12A5
6834,SURF1
5723,PSPH
55823,VPS11
9524,TECR
2132,EXT2
253017,TECRL
3783,KCNN4
23418,CRB1
7415,VCP
6016,RIT1
8858,PROZ
60684,TRAPPC11
19,ABCA1
345,APOC3
3891,KRT85
4159,MC3R
7849,PAX8
617,BCS1L
2767,GNA11
3029,HAGH
8722,CTSF
1785,DNM2
4056,LTC4S
1106,CHD2
23562,CLDN14
10381,TUBB3
140803,TRPM6
83959,SLC4A11
60482,SLC5A7
196527,ANO6
57449,PLEKHG5
63976,PRDM16
9364,RAB28
2702,GJA5
6327,SCN2B
203286,ANKS6
54968,TMEM70
5424,POLD1
6712,SPTBN2
39,ACAT2
28755,TRAC
514,ATP5F1E
269,AMHR2
268,AMH
22891,ZNF365
339983,ASPNAT
54880,BCOR
8260,NAA10
79583,TMEM231
10717,AP4B1
3052,HCCS
1349,COX7B
51604,PIGT
11154,AP4S1
65080,MRPL44
2318,FLNC
9841,ZBTB24
2592,GALT
54440,SASH3
285362,SUMF1
6756,SSX1
89781,HPS4
7547,ZIC3
11234,HPS5
84343,HPS3
11178,LZTS1
6049,RNF6
388552,BLOC1S3
54928,BPNT2
79803,HPS6
84062,DTNBP1
51267,CLEC1A
64581,CLEC7A
6121,RPE65
9338,TCEAL1
2035,EPB41
2556,GABRA3
7439,BEST1
2651,GCNT2
23556,PIGN
3240,HP
7030,TFE3
2189,FANCG
55120,FANCL
9496,TBX4
9075,CLDN2
6330,SCN4B
51311,TLR8
5083,PAX9
57539,WDR35
2000,ELF4
81704,DOCK8
2742,GLRA2
93953,GCNA
57505,AARS2
847,CAT
3763,KCNJ6
120766137,HRURF
10142,AKAP9
2157,F8
5277,PIGA
8288,EPX
4143,MAT1A
871,SERPINH1
10102,TSFM
27235,COQ2
3786,KCNQ3
8462,KLF11
3785,KCNQ2
4125,MAN2B1
1041,CDSN
57096,RPGRIP1
3158,HMGCS2
4126,MANBA
84668,HYCC1
23301,EHBP1
9343,EFTUD2
2737,GLI3
3077,HFE
9791,PTDSS1
647219,ASCL5
65018,PINK1
145173,B3GLCT
2673,GFPT1
783,CACNB2
7134,TNNC1
57623,ZFAT
201625,DNAH12
226,ALDOA
81622,UNC93B1
8701,DNAH11
9330,GTF3C3
5345,SERPINF2
2733,GLE1
283,ANG
3295,HSD17B4
695,BTK
54856,GON4L
389434,IYD
3708,ITPR1
51176,LEF1
10025,MED16
7172,TPMT
701,BUB1B
4867,NPHP1
4576,MT-TT
50940,PDE11A
89953,KLC4
1824,DSC2
93589,CACNA2D4
144535,CFAP54
84811,BUD13
8541,PPFIA3
1146,CHRNG
57492,ARID1B
7084,TK2
3973,LHCGR
9639,ARHGEF10
8546,AP3B1
9913,SUPT7L
23324,MAN2B2
51021,MRPS16
86614,HSFY1
9084,VCY
8287,USP9Y
9082,XKRY
9083,BPY2
140032,RPS4Y2
8284,KDM5D
442862,PRY2
57055,DAZ2
57054,DAZ3
1617,DAZ1
8653,DDX3Y
9081,PRY
5940,RBMY1A1
9085,CDY1
9426,CDY2A
221496,LEMD2
22953,P2RX2
6911,TBX6
84976,DISP1
83552,MFRP
1727,CYB5R3
7498,XDH
55165,CEP55
64837,KLC2
51490,SPOUT1
283635,FAM177A1
83743,GRWD1
78989,COLEC11
3208,HPCA
727,C5
4306,NR3C2
9568,GABBR2
2056,EPO
3887,KRT81
1557,CYP2C19
282617,IFNL3
23495,TNFRSF13B
9342,SNAP29
50628,GEMIN4
140628,GATA5
1384,CRAT
4640,MYO1A
85021,REPS1
4990,SIX6
2487,FRZB
26263,FBXO22
89795,NAV3
80067,DCAF17
5781,PTPN11
3798,KIF5A
10457,GPNMB
27152,INTU
113457,TUBA3D
55081,IFT57
6310,ATXN1
5527,PPP2R5C
27257,LSM1
7051,TGM1
154810,AMOTL1
51690,LSM7
7276,TTR
590,BCHE
6328,SCN3A
53616,ADAM22
7545,ZIC1
114971,PTPMT1
5925,RB1
79631,EFL1
6710,SPTB
5190,PEX6
64135,IFIH1
10479,SLC9A6
3047,HBG1
51116,MRPS2
3421,IDH3G
9512,PMPCB
6097,RORC
55603,TENT5A
2058,EPRS1
50833,TAS2R16
3035,HARS1
1063,CENPF
26146,IFT54
2978,GUCA1A
79846,CFAP69
1292,COL6A2
84168,ANTXR1
3791,KDR
1757,SARDH
80705,TSGA10
56154,TEX15
122481,AK7
54664,TMEM106B
23395,LARS2
2224,FDPS
2475,MTOR
93986,FOXP2
27130,INVS
8820,HESX1
2328,FMO3
401,PHOX2A
56978,PRDM8
6006,RHCE
6938,TCF12
2588,GALNS
55366,LGR4
3704,ITPA
56270,WDR45B
79783,SUGCT
207063,DHRSX
26576,SRPK3
8233,ZRSR2
9918,NCAPD2
5931,RBBP7
54870,QRICH1
23397,NCAPH
79867,TCTN2
23310,NCAPD3
57511,COG6
54676,GTPBP2
6509,SLC1A4
23509,POFUT1
83844,USP26
5296,PIK3R2
3284,HSD3B2
6497,SKI
1736,DKC1
139818,DOCK11
9365,KL
8074,FGF23
182,JAG1
54967,CT55
55023,PHIP
84631,SLITRK2
494551,WEE2
3615,IMPDH2
8815,BANF1
6915,TBXA2R
136371,ASB10
2639,GCDH
9203,ZMYM3
139886,SPIN4
29071,C1GALT1C1
1538,CYLC1
4093,SMAD9
28985,MCTS1
857,CAV1
1478,CSTF2
79587,CARS2
7543,ZFX
54820,NDE1
131377,KLHL40
83544,DNAL1
2108,ETFA
2109,ETFB
2110,ETFDH
285489,DOK7
2582,GALE
1134,CHRNA1
1421,CRYGD
146845,CFAP52
25790,CFAP45
1161,ERCC8
79693,YRDC
1896,EDA
653509,SFTPA1
79029,AFG2B
6573,SLC19A1
54543,TOMM7
2078,ERG
80201,HKDC1
5191,PEX7
1565,CYP2D6
64121,RRAGC
10347,ABCA7
1111,CHEK1
30009,TBX21
1770,DNAH9
29775,CARD10
55621,TRMT1
5593,PRKG2
399,RHOH
9354,UBE4A
3574,IL7
6606,SMN1
6607,SMN2
3507,IGHM
745,MYRF
54828,BCAS3
6141,RPL18
431705,ASTL
57169,ZNFX1
6210,RPS15A
51102,MECR
23187,PHLDB1
4076,CAPRIN1
145645,TERB2
476,ATP1A1
2314,FLII
283847,TERB1
55072,RNF31
111,ADCY5
9772,TMEM94
79971,WLS
50964,SOST
3373,HYAL1
1910,EDNRB
3930,LBR
5966,REL
55739,NAXD
7143,TNR
6843,VAMP1
197258,FCSK
125988,MICOS13
6240,RRM1
4087,SMAD2
23499,MACF1
54148,MRPL39
54532,USP53
2744,GLS
4733,DRG1
79645,CLXN
84100,ARL6
81839,VANGL1
1536,CYBB
23514,SPIDR
11231,SEC63
1523,CUX1
113220,KIF12
51693,TRAPPC2L
120,ADD3
4069,LYZ
567,B2M
335,APOA1
5908,RAP1B
5910,RAP1GDS1
835,CASP2
7873,MANF
7287,TULP1
26121,PRPF31
1281,COL3A1
8925,HERC1
196,AHR
10785,WDR4
10734,STAG3
84074,QRICH2
23516,SLC39A14
285498,RNF212
54517,PUS7
4311,MME
3659,IRF1
55746,NUP133
90459,ERI1
3857,KRT9
5575,PRKAR1B
55315,SLC29A3
8540,AGPS
10397,NDRG1
55610,VPS50
5515,PPP2CA
81790,RNF170
23114,NFASC
64801,ARV1
55182,RNF220
6096,RORB
518,ATP5MC3
116461,TSEN15
55262,TRAPPC14
2784,GNB3
7783,ZP2
60509,AGBL5
23043,TNIK
140801,RPL10L
11190,CEP250
150,ADRA2A
29927,SEC61A1
5934,RBL2
346007,EYS
79709,COLGALT1
57190,SELENON
55777,MBD5
5071,PRKN
286151,FBXO43
153642,ARSK
10588,MTHFS
51434,ANAPC7
122622,ADSS1
22930,RAB3GAP1
7922,SLC39A7
6601,SMARCC2
92255,LMBRD2
84068,SLC10A7
93166,PRDM6
6718,AKR1D1
54834,GDAP2
3183,HNRNPC
3431,SP110
11145,PLAAT3
378884,NHLRC1
5130,PCYT1A
9132,KCNQ4
7703,PCGF2
7086,TKT
63931,MRPS14
11342,RNF13
5321,PLA2G4A
4761,NEUROD2
10667,FARS2
9971,NR1H4
594,BCKDHB
1629,DBT
4035,LRP1
50801,KCNK4
83480,PUS3
8943,AP3D1
65260,COA7
55697,VAC14
1053,CEBPE
134218,DNAJC21
27107,ZBTB11
64849,SLC13A3
84957,RELT
5589,PRKCSH
57061,HYMAI
5325,PLAGL1
346171,ZFP57
4927,NUP88
1457,CSNK2A1
9129,PRPF3
4009,LMX1A
84868,HAVCR2
60558,GUF1
8318,CDC45
60468,BACH2
9326,ZNHIT3
23233,EXOC6B
2566,GABRG2
84340,GFM2
26092,TOR1AIP1
4486,MST1R
2203,FBP1
5216,PFN1
81494,CFHR5
124093,CCDC78
79092,CARD14
50617,ATP6V0A4
51626,DYNC2LI1
56947,MFF
26123,TCTN3
7042,TGFB2
25886,POC1A
3516,RBPJ
22909,FAN1
1577,CYP3A5
1889,ECE1
8490,RGS5
5740,PTGIS
481,ATP1B1
118,ADD1
64374,SIL1
2294,FOXF1
8450,CUL4B
6535,SLC6A8
25821,MTO1
987,LRBA
2896,GRN
79581,SLC52A2
55788,LMBRD1
54476,RNF216
4597,MVD
4572,MT-TQ
4577,MT-TV
4578,MT-TW
4564,MT-TH
4566,MT-TK
4558,MT-TF
4511,MT-TC
4567,MT-TL1
4568,MT-TL2
4513,MT-CO2
4575,MT-TS2
2483,FRG1
353,APRT
55858,TMEM165
80254,CEP63
64087,MCCC2
56922,MCCC1
63894,VIPAS39
25942,SIN3A
3792,KEL
84947,SERAC1
23530,NNT
113278,SLC52A3
5546,PRCC
10801,SEPTIN9
30011,SH3KBP1
51660,MPC1
6011,GRK1
285195,SLC9A9
8482,SEMA7A
3211,HOXB1
84720,PIGO
3675,ITGA3
100422910,MIR2861
11128,POLR3A
80025,PANK2
3251,HPRT1
105804841,-
3664,IRF6
4784,NFIX
23261,CAMTA1
388939,PCARE
5241,PGR
2535,FZD2
415,ARSL
5092,PCBD1
10133,OPTN
22941,SHANK2
3166,HMX1
147372,CCBE1
4208,MEF2C
220136,CFAP53
11181,TREH
3559,IL2RA
26058,GIGYF2
843,CASP10
25788,RAD54B
8438,RAD54L
5269,SERPINB6
8048,CSRP3
2290,FOXG1
8092,ALX1
5156,PDGFRA
5745,PTH1R
785,CACNB4
27329,ANGPTL3
1959,EGR2
4646,MYO6
123016,TTC8
2646,GCKR
4792,NFKBIA
51135,IRAK4
10683,DLL3
145873,MESP2
5251,PHEX
2821,GPI
6709,SPTAN1
4982,TNFRSF11B
11315,PARK7
57165,GJC2
64127,NOD2
3762,KCNJ5
25839,COG4
88,ACTN2
2555,GABRA2
125,ADH1B
126,ADH1C
1385,CREB1
5265,SERPINA1
930,CD19
931,MS4A1
6812,STXBP1
115650,TNFRSF13C
975,CD81
3575,IL7R
1495,CTNNA1
726,CAPN5
6620,SNCB
114327,EFHC1
139285,AMER1
9076,CLDN1
925,CD8A
10577,NPC2
5873,RAB27A
4724,NDUFS4
4835,NQO2
5245,PHB1
3161,HMMR
9821,RB1CC1
580,BARD1
5002,SLC67A1
5888,RAD51
8493,PPM1D
6609,SMPD1
2182,ACSL4
80169,CTC1
2213,FCGR2B
1773,DNASE1
246329,STAC3
3689,ITGB2
79695,GALNT12
229,ALDOB
55733,HHAT
7259,TSPYL1
54982,CLN6
120227,CYP2R1
10388,SYCP2
861,RUNX1
57498,KIDINS220
2783,GNB2
26057,ANKRD17
8642,DCHS1
10594,PRPF8
10043,TOM1
1182,CLCN3
11012,KLK11
9453,GGPS1
57863,CADM3
2550,GABBR1
49,ACR
196385,DNAH10
148867,SLC30A7
150468,CKAP2L
8898,MTMR2
10021,HCN4
7750,ZMYM2
150274,HSCB
3972,LHB
154197,PNLDC1
6621,SNAPC4
5335,PLCG1
2542,SLC37A4
57466,SCAF4
11160,ERLIN2
51163,DBR1
1690,COCH
153201,SLC36A2
241,ALOX5AP
83723,TLCD3B
22906,TRAK1
79989,IFT56
10848,PPP1R13L
57479,PRR12
2678,GGT1
1107,CHD3
2317,FLNB
6595,SMARCA2
4883,NPR3
137392,CIBAR1
27133,KCNH5
164,AP1G1
6730,SRP68
84888,SPPL2A
6857,SYT1
6778,STAT6
4728,NDUFS8
6909,TBX2
374291,NDUFS7
30000,TNPO2
4723,NDUFV1
9785,DHX38
57102,FERRY3
147872,KASH5
83548,COG3
55628,ZNF407
4719,NDUFS1
4720,NDUFS2
170689,ADAMTS15
4729,NDUFV2
7443,VRK1
80114,BICC1
7555,CNBP
91942,NDUFAF2
84909,AOPEP
51103,NDUFAF1
3714,JAG2
4695,NDUFA2
126328,NDUFA11
3561,IL2RG
6729,SRP54
10659,CELF2
4722,NDUFS3
219854,TMEM218
147138,TMC8
4726,NDUFS6
29078,NDUFAF4
8312,AXIN1
79133,NDUFAF5
165829,GPR156
54471,MIEF1
79944,L2HGDH
4763,NF1
57551,TAOK1
55967,NDUFA12
56915,EXOSC5
4715,NDUFB9
4709,NDUFB3
4704,NDUFA9
25915,NDUFAF3
55572,FOXRED1
50619,DEF6
80224,NUBPL
4705,NDUFA10
23476,BRD4
123263,MTFMT
51079,NDUFA13
9820,CUL7
10092,ARPC5
2898,GRIK2
55863,TMEM126B
55814,BDP1
2070,EYA4
80173,IFT74
51300,TIMMDC1
4714,NDUFB8
4700,NDUFA6
115399,LRRC56
151516,ASPRV1
23384,SPECC1L
2300,FOXL1
9244,CRLF1
6657,SOX2
164781,DAW1
970,CD70
7225,TRPC6
64841,GNPNAT1
10519,CIB1
57003,CCDC47
55229,PANK4
10847,SRCAP
9423,NTN1
27349,MCAT
8204,NRIP1
23405,DICER1
5375,PMP2
22983,MAST1
23287,AGTPBP1
55145,THAP1
64093,SMOC1
60681,FKBP10
84905,ZNF341
4140,MARK3
3739,KCNA4
777,CACNA1E
4781,NFIB
5970,RELA
5479,PPIB
1795,DOCK3
7422,VEGFA
8483,CILP
7058,THBS2
54829,ASPN
5257,PHKB
8665,EIF3F
221692,PHACTR1
3476,IGBP1
1534,CYB561
83483,PLVAP
10134,BCAP31
79717,PPCS
375,ARF1
2100,ESR2
55503,TRPV6
8195,MKKS
55624,POMGNT1
5111,PCNA
57176,VARS2
80222,TARS2
49855,SCAPER
4983,OPHN1
2050,EPHB4
4649,MYO9A
9128,PRPF4
3141,HLCS
9915,ARNT2
2693,GHSR
2022,ENG
6499,SKIC2
340061,STING1
686,BTD
10000,AKT3
3117,HLA-DQA1
894,CCND2
8289,ARID1A
3849,KRT2
6597,SMARCA4
4591,TRIM37
5144,PDE4D
1600,DAB1
388551,CEACAM16
124512,METTL23
4582,MUC1
26005,C2CD3
9152,SLC6A5
283375,SLC39A5
338328,GPIHBP1
2984,GUCY2C
2743,GLRB
3028,HSD17B10
6774,STAT3
3816,KLK1
79798,ARMC5
10290,SPEG
60481,ELOVL5
2908,NR3C1
7148,TNXB
284217,LAMA1
3483,IGFALS
5591,PRKDC
286262,TPRN
6231,RPS26
64902,AGXT2
174,AFP
6204,RPS10
29851,ICOS
7369,UMOD
282809,POC1B
23554,TSPAN12
2059,EPS8
729920,CRPPA
57654,UVSSA
26022,TMEM98
57817,HAMP
79791,FBXO31
203859,ANO5
611,OPN1SW
54413,NLGN3
8481,OFD1
3991,LIPE
51004,COQ6
55212,BBS7
57017,COQ9
51025,PAM16
585,BBS4
23590,PDSS1
129880,BBS5
57107,PDSS2
166379,BBS12
27241,BBS9
284119,CAVIN1
79738,BBS10
5054,SERPINE1
90417,KNSTRN
79058,ASPSCR1
60495,HPSE2
201294,UNC13D
579,NKX3-2
54903,MKS1
5193,PEX12
92482,BBIP1
51621,KLF13
1139,CHRNA7
11020,IFT27
10806,SDCCAG8
3290,HSD11B1
54585,LZTFL1
213,ALB
5332,PLCB4
54205,CYCS
85358,SHANK3
10516,FBLN5
411,ARSB
5264,PHYH
57798,GATAD1
9227,LRAT
6731,SRP72
9662,CEP135
3350,HTR1A
388389,DNAAF19
56997,COQ8A
91869,RFT1
387700,SLC16A12
51010,EXOSC3
26224,FBXL3
78987,CRELD1
10410,IFITM3
79628,SH3TC2
3758,KCNJ1
1380,CR2
3981,LIG4
595,CCND1
8988,HSPB3
640,BLK
338557,FFAR4
1138,CHRNA5
5744,PTHLH
83737,ITCH
6853,SYN1
57502,NLGN4X
5889,RAD51C
50489,CD207
1663,DDX11
8575,PRKRA
2990,GUSB
23435,TARDBP
8803,SUCLA2
56606,SLC2A9
55131,RBM28
6555,SLC10A2
3998,LMAN1
825,CAPN3
1584,CYP11B1
55650,PIGV
6444,SGCD
54757,FAM20A
6100,RP9
2018,EMX2
3614,IMPDH1
11132,CAPN10
6926,TBX3
950,SCARB2
26040,SETBP1
81794,ADAMTS10
7450,VWF
6101,RP1
7075,TIE1
80206,FHOD3
3579,CXCR2
10531,PITRM1
3773,KCNJ16
4351,MPI
326,AIRE
27352,SGSM3
6578,SLCO2A1
1967,EIF2B1
85300,ATCAY
10533,ATG7
205327,C2ORF69
4633,MYL2
26074,CFAP61
2202,EFEMP1
171546,SPTSSA
7286,TUFT1
1642,DDB1
81603,TRIM8
3156,HMGCR
389827,MYMK
8322,FZD4
65992,DDRGK1
10112,KIF20A
84894,LINGO1
56896,DPYSL5
72,ACTG2
10765,KDM5B
53371,NUP54
54973,INTS11
27148,STK36
22806,IKZF3
6418,SET
2653,GCSH
23078,VWA8
4838,NODAL
1120,CHKB
6299,SALL1
83449,PMFBP1
6809,STX3
122402,TDRD9
54014,BRWD1
23524,SRRM2
114803,MYSM1
868,CBLB
3064,HTT
56975,FAM20C
55249,YY1AP1
2735,GLI1
8888,MCM3AP
4052,LTBP1
513,ATP5F1D
81788,NUAK2
27341,RRP7A
9020,MAP3K14
51704,GPRC5B
361,AQP4
9675,TTI1
6775,STAT4
344167,FOXI3
6045,RNF2
7809,BSND
3155,HMGCL
7161,TP73
84892,POMGNT2
254428,SLC41A1
127833,SYT2
146206,CARMIL2
55340,GIMAP5
3908,LAMA2
56980,PRDM10
9256,TSPOAP1
9734,HDAC9
1974,EIF4A2
6874,TAF4
79736,TEFM
84065,TMEM222
5137,PDE1C
9851,KIAA0753
10205,MPZL2
55791,LRIF1
1789,DNMT3B
8812,CCNK
8991,SELENBP1
10526,IPO8
23316,CUX2
348180,CTU2
94005,PIGS
6711,SPTBN1
22901,ARSG
4762,NEUROG1
3257,HPS1
527,ATP6V0C
5378,PMS1
10413,YAP1
6050,RNH1
10486,CAP2
11198,SUPT16H
1412,CRYBA2
123264,SLC51B
283446,MYO1H
3709,ITPR2
3636,INPPL1
100147744,RNU7-1
2222,FDFT1
374879,ZNF699
2692,GHRHR
60676,PAPPA2
5058,PAK1
10660,LBX1
144406,CFAP251
200931,SLC51A
401024,FSIP2
9508,ADAMTS3
134353,LSM11
4617,MYF5
54977,SLC25A38
7066,THPO
50485,SMARCAL1
3921,RPSA
55599,RNPC3
57158,JPH2
403,ARL3
80267,EDEM3
23387,SIK3
50515,CHST11
7482,WNT2B
4256,MGP
84231,TRAF7
116519,APOA5
6426,SRSF1
7171,TPM4
2131,EXT1
5795,PTPRJ
5524,PTPA
81833,SPACA1
54936,ADPRS
23279,NUP160
79023,NUP37
26119,LDLRAP1
118429,ANTXR2
1496,CTNNA2
4921,DDR2
79902,NUP85
10881,ACTL7A
284111,SLC13A5
9898,UBAP2L
6235,RPS29
2760,GM2A
7424,VEGFC
6095,RORA
51726,DNAJB11
85016,CFAP300
8323,FZD6
1183,CLCN4
677814,SNORA31
5393,EXOSC9
27178,IL37
23241,PACS2
10312,TCIRG1
7138,TNNT1
23250,ATP11A
9839,ZEB2
4342,MOS
27327,TNRC6A
51474,LIMA1
9693,RAPGEF2
57222,ERGIC1
51506,UFC1
55765,INAVA
80055,PGAP1
10978,CLP1
10225,CD96
275,AMT
200576,PIKFYVE
7175,TPR
388698,FLG2
6005,RHAG
57697,FANCM
64207,IRF2BPL
80204,FBXO11
23522,KAT6B
9149,DYRK1B
5238,PGM3
23325,WASHC4
10273,STUB1
80856,LNPK
6691,SPINK2
215,ABCD1
64919,BCL11B
7156,TOP3A
6885,MAP3K7
84300,UQCC2
6399,TRAPPC2
10522,DEAF1
27245,AHDC1
6234,RPS28
157657,CFAP418
26053,AUTS2
79753,SNIP1
25977,NECAP1
90624,LYRM7
1650,DDOST
8557,TCAP
1378,CR1
29914,UBIAD1
643226,GRXCR2
80704,SLC19A3
4036,LRP2
6875,TAF4B
84225,ZMYND15
5627,PROS1
25913,POT1
760,CA2
8813,DPM1
9652,SKIC3
55275,VPS53
2146,EZH2
85440,DOCK7
28962,OSTM1
360,AQP3
80331,DNAJC5
29123,ANKRD11
23093,TTLL5
8694,DGAT1
2013,EMP2
51134,CEP83
3679,ITGA7
6664,SOX11
339453,TMEM240
152137,CCDC50
54704,PDP1
6524,SLC5A2
8600,TNFSF11
91949,COG7
7351,UCP2
348980,HCN1
256764,WDR72
10309,CCNO
23394,ADNP
9414,TJP2
1788,DNMT3A
4072,EPCAM
10586,MAB21L2
1555,CYP2B6
4308,TRPM1
79796,ALG9
6315,ATXN8OS
724066,ATXN8
1822,ATN1
7306,TYRP1
51129,ANGPTL4
5160,PDHA1
6144,RPL21
83479,DDX59
7096,TLR1
123041,SLC24A4
10235,RASGRP2
55033,FKBP14
767,CA8
5048,PAFAH1B1
114798,SLITRK1
727676,SNORD118
112802,KRT71
440435,GPR179
1503,CTPS1
2165,F13B
10616,RBCK1
545,ATR
64423,INF2
100134444,KCNJ18
4634,MYL3
51185,CRBN
3479,IGF1
4007,PRICKLE3
5981,RFC1
11222,MRPL3
7249,TSC2
5333,PLCD1
10699,CORIN
1908,EDN3
3098,HK1
6925,TCF4
259266,ASPM
56916,SMARCAD1
87178,PNPT1
11141,IL1RAPL1
55532,SLC30A10
1968,EIF2S3
3832,KIF11
389207,GRXCR1
8313,AXIN2
10395,DLC1
4163,MCC
7097,TLR2
5782,PTPN12
5157,PDGFRL
6790,AURKA
5320,PLA2G2A
282996,RBM20
5350,PLN
8425,LTBP4
4860,PNP
64220,STRA6
1476,CSTB
64175,P3H1
83696,TRAPPC9
123872,DNAAF1
170691,ADAMTS17
7391,USF1
21,ABCA3
157680,VPS13B
10861,SLC26A1
2773,GNAI3
2296,FOXC1
610,HCN2
142680,SLC34A3
4948,OCA2
1075,CTSC
4978,OPCML
23474,ETHE1
145258,GSC
256471,MFSD8
5459,POU4F3
161357,MDGA2
51151,SLC45A2
6683,SPAST
51062,ATL1
387733,IFITM5
10195,ALG3
255738,PCSK9
51645,PPIL1
51362,CDC40
1758,DMP1
51013,EXOSC1
55770,EXOC2
83893,SPATA16
23064,SETX
5898,RALA
23013,SPEN
55388,MCM10
6477,SIAH1
51728,POLR3K
1317,SLC31A1
6091,ROBO1
6650,CAPN15
3032,HADHB
23102,TBC1D2B
84699,CREB3L3
29998,BICRA
23030,KDM4B
8882,ZPR1
402569,KPNA7
8893,EIF2B5
1363,CPE
29968,PSAT1
157922,CAMSAP1
8891,EIF2B3
5010,CLDN11
8890,EIF2B4
1289,COL5A1
8892,EIF2B2
10481,HOXB13
6263,RYR3
4166,CHST6
25929,GEMIN5
4703,NEB
23221,RHOBTB2
2530,FUT8
165,AEBP1
10082,GPC6
11080,DNAJB4
7965,AIMP2
400569,MED11
84188,FAR1
1147,CHUK
26999,CYFIP2
9969,MED13
714,C1QC
713,C1QB
27032,ATP2C1
6768,ST14
54845,ESRP1
2661,GDF9
10845,CLPX
4905,NSF
5283,PIGH
84896,ATAD1
2705,GJB1
523,ATP6V1A
1558,CYP2C8
126206,NLRP5
91039,DPP9
55655,NLRP2
64864,RFX7
4629,MYH11
51241,COX16
5281,PIGF
3795,KHK
5977,DPF2
5457,POU4F1
340419,RSPO2
5019,OXCT1
388531,RGS9BP
284,ANGPT1
26509,MYOF
64711,HS3ST6
285,ANGPT2
25802,LMOD1
79977,GRHL2
3827,KNG1
10398,MYL9
539,ATP5PO
51703,ACSL5
56171,DNAH7
10566,AKAP3
7802,DNALI1
6123,RPL3L
3554,IL1R1
55898,UNC45A
375307,CATIP
51371,POMP
6571,SLC18A2
23154,NCDN
4938,OAS1
3937,LCP2
8651,SOCS1
1984,EIF5A
6522,SLC4A2
92345,NAF1
5076,PAX2
200162,SPAG17
5965,RECQL
6850,SYK
11011,TLK2
129285,PPP1R21
57538,ALPK3
1066,CES1
6913,TBX15
27072,VPS41
9054,NFS1
341208,HEPHL1
221927,BRAT1
267,AMFR
4067,LYN
27199,OXGR1
90952,ESAM
81609,SNX27
4702,NDUFA8
27183,VPS4A
81555,YIPF5
7384,UQCRC1
6531,SLC6A3
1137,CHRNA4
9782,MATR3
347734,SLC35B2
4892,NRAP
9690,UBE3C
9442,MED27
84140,FAM161A
56246,MRAP
991,CDC20
64518,TEKT3
30061,SLC40A1
1353,COX11
5298,PI4KB
3604,TNFRSF9
2533,FYB1
51324,SPG21
9984,THOC1
2642,GCGR
7102,TSPAN7
64601,VPS16
3899,AFF3
7841,MOGS
10558,SPTLC1
10716,TBR1
4151,MB
284656,EPHA10
474,ATOH1
5095,PCCA
5096,PCCB
26523,AGO1
84984,CEP19
4338,MOCS2
2214,FCGR3A
374393,FAM111B
9711,RUBCN
3055,HCK
23129,PLXND1
6862,TBXT
222546,RFX6
9255,AIMP1
375748,ERCC6L2
93210,PGAP3
26281,FGF20
164045,HFM1
57709,SLC7A14
7025,NR2F1
7274,TTPA
3854,KRT6B
471,ATIC
3853,KRT6A
81031,SLC2A10
2717,GLA
10324,KLHL41
113263,GLCCI1
4193,MDM2
286887,KRT6C
11023,VAX1
57704,GBA2
710,SERPING1
4313,MMP2
7248,TSC1
285440,CYP4V2
364,AQP7
56603,CYP26B1
2554,GABRA1
5624,PROC
4878,NPPA
2805,GOT1
57094,CPA6
6888,TALDO1
6309,SC5D
54808,DYM
2982,GUCY1A1
763,CA5A
1776,DNASE1L3
1643,DDB2
3932,LCK
65062,TMEM237
4803,NGF
8556,CDC14A
4173,MCM4
27249,MMADHC
10999,SLC27A4
54768,HYDIN
55187,VPS13D
5859,QARS1
55209,SETD5
10370,CITED2
6813,STXBP2
4909,NTF4
7280,TUBB2A
1825,DSC3
5429,POLH
30008,EFEMP2
2672,GFI1
59067,IL21
90678,LRSAM1
1644,DDC
1767,DNAH5
64221,ROBO3
3315,HSPB1
1316,KLF6
4601,MXI1
203068,TUBB
9631,NUP155
81027,TUBB1
22917,ZP1
3273,HRG
462,SERPINC1
10008,KCNE3
5158,PDE6B
54806,AHI1
9217,VAPB
3482,IGF2R
55857,KIZ
7067,THRA
55800,SCN3B
7421,VDR
3860,KRT13
9419,CRIPT
27010,TPK1
3779,KCNMB1
116442,RAB39B
10269,ZMPSTE24
11019,LIAS
4314,MMP3
95681,CEP41
4337,MOCS1
51524,TMEM138
5336,PLCG2
22934,RPIA
7507,XPA
53,ACP2
3587,IL10RA
2273,FHL1
3094,HINT1
10210,TOPORS
95,ACY1
2819,GPD1
3920,LAMP2
7018,TF
9197,SLC33A1
63929,XPNPEP3
166929,SGMS2
7508,XPC
23133,PHF8
9130,FAM50A
23155,CLCC1
65266,WNK4
51733,UPB1
9429,ABCG2
26249,KLHL3
18,ABAT
22978,NT5C2
7456,WIPF1
8738,CRADD
7957,EPM2A
25974,MMACHC
5052,PRDX1
2549,GAB1
51603,METTL13
51399,TRAPPC4
1024,CDK8
6228,RPS23
7360,UGP2
83894,TTC29
5932,RBBP8
79925,SPEF2
5651,TMPRSS15
2137,EXTL3
79158,GNPTAB
7054,TH
57589,RIC1
317662,FAM149B1
1513,CTSK
23370,ARHGEF18
6884,TAF13
1493,CTLA4
6844,VAMP2
130340,AP1S3
7852,CXCR4
55681,SCYL2
3850,KRT3
4091,SMAD6
51109,RDH11
85465,SELENOI
8659,ALDH4A1
10203,CALCRL
7386,UQCRFS1
2313,FLI1
5833,PCYT2
4439,MSH5
790955,UQCC3
80739,MPIG6B
51086,TNNI3K
3340,NDST1
58484,NLRC4
284184,NDUFAF8
8295,TRRAP
6602,SMARCD1
57822,GRHL3
11285,B4GALT7
5034,P4HB
23512,SUZ12
152110,NEK10
5314,PKHD1
808,CALM3
51633,OTUD6B
55280,CWF19L1
9636,ISG15
5357,PLS1
715,C1R
144811,LACC1
253959,RALGAPA1
51339,DACT1
7358,UGDH
1742,DLG4
163175,LGI4
200424,TET3
5917,RARS1
23483,TGDS
6603,SMARCD2
54916,TMEM260
4261,CIITA
4795,NFKBIL1
51744,CD244
6583,SLC22A4
79648,MCPH1
50939,IMPG2
58497,PRUNE1
5813,PURA
212,ALAS2
10046,MAMLD1
8076,MFAP5
56203,LMOD3
3081,HGD
80199,FUZ
57216,VANGL2
10733,PLK4
1259,CNGA1
1406,CRX
5148,PDE6G
112755,STX1B
5568,PRKACG
4010,LMX1B
343641,TGM6
486,FXYD2
254394,MCM9
7275,TUB
3746,KCNC1
1675,CFD
56776,FMN2
5611,DNAJC3
2992,GYG1
84705,GTPBP3
9101,USP8
6297,SALL2
220296,HEPACAM
4158,MC2R
92002,CCNQ
4070,TACSTD2
6608,SMO
6247,RS1
31,ACACA
286,ANK1
643418,LIPN
2700,GJA3
1290,COL5A2
8831,SYNGAP1
84464,SLX4
23765,IL17RA
112744,IL17F
133396,IL31RA
283417,DPY19L2
4689,NCF4
203,AK1
6648,SOD2
10749,KIF1C
5696,PSMB8
4929,NR4A2
9627,SNCAIP
2528,FUT6
2657,GDF1
2780,GNAT2
6165,RPL35A
6218,RPS17
80144,FRAS1
9313,MMP20
8547,FCN3
10461,MERTK
375611,SLC26A5
9382,COG1
6452,SH3BP2
1272,CNTN1
92579,G6PC3
5346,PLIN1
652,BMP4
6999,TDO2
8542,APOL1
23424,TDRD7
9370,ADIPOQ
9096,TBX18
51114,ZDHHC9
7367,UGT2B17
6135,RPL11
6125,RPL5
6201,RPS7
6736,SRY
56159,TEX11
90665,TBL1Y
1737,DLAT
8050,PDHX
3420,IDH3B
1438,CSF2RA
1013,CDH15
11236,RNF139
4968,OGG1
55193,PBRM1
64788,LMF1
57560,IFT80
3640,INSL3
2934,GSN
8518,ELP1
3067,HDC
79650,USB1
9150,CTDP1
1837,DTNA
9948,WDR1
27034,ACAD8
7200,TRH
79840,NHEJ1
84693,MCEE
4507,MTAP
326625,MMAB
64840,PORCN
1816,DRD5
189,AGXT
80152,CENPT
8643,PTCH2
8936,WASF1
28514,DLL1
84628,NTNG2
93649,MYOCD
4014,LORICRIN
51317,PHF21A
387,RHOA
6137,RPL13
2806,GOT2
646,BNC1
5519,PPP2R1B
1956,EGFR
1326,MAP3K8
356,FASLG
116369,SLC26A8
51075,TMX2
10654,PMVK
51763,INPP5K
10844,TUBGCP2
529,ATP6V1E1
1460,CSNK2B
6155,RPL27
8449,DHX16
255758,DYNLT2B
352909,DNAAF3
6232,RPS27
2746,GLUD1
3207,HOXA11
7252,TSHB
8367,H4C5
8294,H4C9
63036,CELA2A
64145,RBSN
57215,THAP11
10054,UBA2
55627,SMPD4
90332,EXOC3L2
5361,PLXNA1
22800,RRAS2
64682,ANAPC1
1131,CHRM3
64094,SMOC2
7552,ZNF711
6855,SYP
101060691,NUTM2B-AS1
92840,REEP6
2670,GFAP
65082,VPS33A
10730,YME1L1
10565,ARFGEF1
57156,TMEM63C
128486,FITM2
9200,HACD1
7486,WRN
5189,PEX1
345611,IRGM
54,ACP5
535,ATP6V0A1
129685,TAF8
60561,RINT1
8632,DNAH17
10379,IRF9
10661,KLF1
56704,JPH1
8930,MBD4
23184,MESD
27151,CPAMD8
5681,PSKH1
7123,CLEC3B
170825,GSX2
6445,SGCG
1475,CSTA
22872,SEC31A
283987,HID1
22884,WDR37
1656,DDX6
497661,C18ORF32
3612,IMPA1
56992,KIF15
23581,CASP14
57178,ZMIZ1
4118,MAL
55623,THUMPD1
3782,KCNN3
25794,FSCN2
105371045,PERCC1
253738,EBF3
255101,CFAP65
23432,GPR161
54914,FOCAD
2936,GSR
5792,PTPRF
55699,IARS2
126695,KDF1
1660,DHX9
2266,FGG
2243,FGA
2244,FGB
64240,ABCG5
729991,BORCS8
131405,TRIM71
10406,WFDC2
55167,MSL2
4191,MDH2
22820,COPG1
166785,MMAA
79991,STN1
55596,ZCCHC8
118491,CFAP70
4849,CNOT3
643641,ZNF862
10297,APC2
388558,ZNF808
147409,DSG4
9922,IQSEC1
285282,RABL3
284098,PIGW
84833,ATP5MK
84522,JAGN1
43,ACHE
2591,GALNT3
9725,TMEM63A
345643,MCIDAS
54443,ANLN
8621,CDK13
133686,NADK2
5587,PRKD1
93587,TRMT10A
1337,COX6A1
115948,ODAD3
2302,FOXJ1
8905,AP1S2
8504,PEX3
55217,TMLHE
53405,CLIC5
55869,HDAC8
56521,DNAJC12
1062,CENPE
79868,ALG13
3745,KCNB1
3547,IGSF1
10126,DNAL4
9622,KLK4
27184,DISC2
23780,APOL2
6854,SYN2
267012,DAOA
65078,RTN4R
83999,KREMEN1
1741,DLG3
3192,HNRNPU
420,ART4
10940,POP1
22796,COG2
63910,SLC17A9
112939,NACC1
29978,UBQLN2
11274,USP18
2664,GDI1
4864,NPC1
80324,PUS1
7319,UBE2A
10013,HDAC6
5000,ORC4
81620,CDT1
23594,ORC6
990,CDC6
55036,CCDC40
339829,CCDC39
10771,ZMYND11
11340,EXOSC8
1021,CDK6
9882,TBC1D4
1300,COL10A1
139411,PTCHD1
2995,GYPC
51091,SEPSECS
5145,PDE6A
4796,TONSL
79809,TTC21B
113189,CHST14
28,ABO
2916,GRM6
7504,XK
23169,SLC35D1
22995,CEP152
2979,GUCA1B
9759,HDAC4
4935,GPR143
100,ADA
9187,SLC24A1
1719,DHFR
51778,MYOZ2
224,ALDH3A2
860,RUNX2
1586,CYP17A1
1193,CLIC2
54938,SARS2
1462,VCAN
121340,SP7
55172,DNAAF2
84189,SLITRK6
126326,GIPC3
8838,CCN6
51181,DCXR
83700,JAM3
55851,PSENEN
4774,NFIA
7003,TEAD1
3073,HEXA
355,FAS
1583,CYP11A1
2160,F11
64780,MICAL1
729359,PLIN4
10216,PRG4
191,AHCY
340024,SLC6A19
93,ACVR2B
3818,KLKB1
8772,FADD
4214,MAP3K1
1258,CNGB1
5995,RGR
144165,PRICKLE1
64446,DNAI2
387715,ARMS2
729,C6
716,C1S
732,C8B
28976,ACAD9
11152,WDR45
7355,SLC35A2
731,C8A
10747,MASP2
10002,NR2E3
1604,CD55
4088,SMAD3
2581,GALC
57716,PRX
147495,APCDD1
1121,CHM
4907,NT5E
128866,CHMP4B
4843,NOS2
3383,ICAM1
1141,CHRNB2
55997,CFC1
10265,IRX5
55806,HR
4594,MMUT
23400,ATP13A2
5582,PRKCG
84342,COG8
3293,HSD17B3
7289,TULP3
7074,TIAM1
59336,PRDM13
3747,KCNC2
940,CD28
490,ATP2B1
5456,POU3F4
23209,MLC1
5788,PTPRC
2890,GRIA1
2741,GLRA1
84891,ZSCAN10
55164,SHQ1
9790,BMS1
27232,GNMT
149465,CFAP57
3454,IFNAR1
5455,POU3F3
738,VPS51
10981,RAB32
9757,KMT2B
5430,POLR2A
4848,CNOT2
101929726,MYMX
2323,FLT3LG
3034,HAL
158401,SHOC1
406932,MIR140
171558,PTCRA
54796,BNC2
57670,KIAA1549
58499,ZNF462
10194,TSHZ1
125150,ZSWIM7
5993,RFX5
5994,RFXAP
23308,ICOSLG
23135,KDM6B
6659,SOX4
9254,CACNA2D2
4897,NRCAM
5927,KDM5A
91801,ALKBH8
27022,FOXD3
4653,MYOC
23607,CD2AP
51807,TUBA8
9578,CDC42BPB
8566,PDXK
1841,DTYMK
84936,ZFYVE19
55904,KMT2E
318,NUDT2
85015,USP45
24142,NAA80
56259,CTNNBL1
90,ACVR1
818,CAMK2G
881,CCIN
283652,SLC24A5
1777,DNASE2
64834,ELOVL1
10233,LRRC23
10606,PAICS
64359,NXN
2770,GNAI1
3572,IL6ST
1733,DIO1
582,BBS1
79140,CCDC28B
221711,SYCP2L
5139,PDE3A
10484,SEC23A
10935,PRDX3
4571,MT-TP
4565,MT-TI
8789,FBP2
1594,CYP27B1
23327,NEDD4L
65975,STK33
8550,MAPKAPK5
168507,PKD1L1
10125,RASGRP1
1474,CST6
11193,WBP4
57639,CCDC146
10621,POLR3F
26038,CHD5
23729,SHPK
10714,POLD3
10068,IL18BP
8111,GPR68
89869,PLCZ1
51692,CPSF3
116115,ZNF526
6897,TARS1
54456,MOV10L1
79770,TXNDC15
9091,PIGQ
56098,PCDHGC4
27068,PPA2
10991,SLC38A3
24145,PANX1
4285,MIPEP
641,BLM
2674,GFRA1
2620,GAS2
2558,GABRA5
5308,PITX2
23007,PLCH1
442721,LMOD2
353238,PADI6
6572,SLC18A3
8974,P4HA2
84131,CEP78
29960,MRM2
9567,GTPBP1
374969,SVBP
2184,FAH
6476,SI
56160,NSMCE3
5881,RAC3
26173,INTS1
55656,INTS8
7201,TRHR
10459,MAD2L2
5081,PAX7
78995,HROB
100820829,MYZAP
410,ARSA
3321,IGSF3
94,ACVRL1
9361,LONP1
9488,PIGB
286053,NSMCE2
7062,TCHH
1173,AP2M1
7053,TGM3
1730,DIAPH2
9210,BMP15
160418,TMTC3
2187,FANCB
79912,PYROXD1
4967,OGDH
128869,PIGU
123606,NIPA1
7707,ZNF148
6567,SLC16A2
57520,HECW2
10677,AVIL
23005,MAPKBP1
55250,ELP2
64388,GREM2
8120,AP3B2
551,AVP
7136,TNNI2
2308,FOXO1
23258,DENND5A
6557,SLC12A1
4635,MYL4
2009,EML1
55630,SLC39A4
38,ACAT1
747,DAGLA
11212,PLPBP
9607,CARTPT
155,ADRB3
7352,UCP3
51738,GHRL
8431,NR0B2
181,AGRP
9672,SDC3
387082,SUMO4
54949,SDHAF2
11322,TMC6
9573,GDF3
7341,SUMO1
26278,SACS
51168,MYO15A
2668,GDNF
253827,MSRB3
51082,POLR1D
4644,MYO5A
23236,PLCB1
6342,SCP2
55129,ANO10
5009,OTC
5784,PTPN14
283310,OTOGL
10466,COG5
340990,OTOG
130557,ZNF513
112817,HOGA1
90411,MCFD2
5119,CHMP1A
3952,LEP
966,CD59
2538,G6PC1
3953,LEPR
114034,TOE1
9517,SPTLC2
344018,FIGLA
1954,MEGF8
23314,SATB2
340665,CYP26C1
51293,CD320
9907,AP5Z1
79152,FA2H
80216,ALPK1
9119,KRT75
4952,OCRL
2903,GRIN2A
23118,TAB2
5255,PHKA1
5063,PAK3
712,C1QA
3418,IDH2
338567,KCNK18
3553,IL1B
10056,FARSB
23175,LPIN1
64419,MTMR14
92211,CDHR1
440138,ALG11
9440,MED17
10472,ZBTB18
8242,KDM5C
55084,SOBP
27086,FOXP1
55149,MTPAP
3329,HSPD1
3753,KCNE1
445,ASS1
4942,OAT
22856,CHSY1
79228,THOC6
91252,SLC39A13
5962,RDX
84667,HES7
144245,ALG10B
3053,SERPIND1
2245,FGD1
3736,KCNA1
30062,RAX
6948,TCN2
3621,ING1
8795,TNFRSF10B
669,BPGM
57379,AICDA
3748,KCNC3
7494,XBP1
440275,EIF2AK4
5914,RARA
2166,FAAH
56244,BTNL2
80746,TSEN2
79042,TSEN34
6638,SNRPN
8985,PLOD3
11213,IRAK3
5732,PTGER2
3060,HCRT
56910,STARD7
55054,ATG16L1
84660,CCDC62
92335,STRADA
491,ATP2B2
151254,CATSPERT
5294,PIK3CG
54888,NSUN2
7991,TUSC3
56172,ANKH
9939,RBM8A
6892,TAPBP
79875,THSD4
8625,RFXANK
199720,GGN
55367,PIDD1
6891,TAP2
5161,PDHA2
8036,SHOC2
221264,AK9
51126,NAA20
9231,DLG5
10973,ASCC3
144132,DNHD1
6898,TAT
84942,WDR73
6716,SRD5A2
3020,H3-3A
3021,H3-3B
5322,PLA2G5
2175,FANCA
81575,APOLD1
79639,TMEM53
84899,TMTC4
3781,KCNN2
84572,GNPTG
9698,PUM1
83871,RAB34
9692,PRORP
4160,MC4R
51319,RSRC1
7920,ABHD16A
8560,DEGS1
4323,MMP14
7020,TFAP2A
5442,POLRMT
23166,STAB1
51271,UBAP1
55012,PPP2R3C
200734,SPRED2
4632,MYL1
7855,FZD5
23268,DNMBP
55361,PI4K2A
9529,BAG5
284439,SLC25A42
9518,GDF15
1947,EFNB1
23262,PPIP5K2
8363,H4C11
7534,YWHAZ
57282,SLC4A10
391356,PTRHD1
221481,ARMC12
4808,NHLH2
6810,STX4
7701,ZNF142
8364,H4C3
150365,MEI1
79703,TOP6BL
84071,ARMC2
51098,IFT52
53335,BCL11A
6942,TCF20
9158,FIBP
6506,SLC1A2
140679,SLC32A1
7140,TNNT3
6117,RPA1
4621,MYH3
25973,PARS2
51341,ZBTB7A
11261,CHP1
54894,RNF43
8214,DGCR6
8220,ESS2
54487,DGCR8
9993,DGCR2
540,ATP7B
3978,LIG1
4123,MAN2C1
339855,KY
2562,GABRB3
5286,PIK3C2A
7867,MAPKAPK3
8131,NPRL3
5818,NECTIN1
10641,NPRL2
5271,SERPINB8
23219,FBXO28
85459,CEP295
246176,GAS2L2
344658,SAMD7
57192,MCOLN1
26100,WIPI2
10750,GRAP
3980,LIG3
79882,ZC3H14
84695,LOXL3
3658,IREB2
6563,SLC14A1
221078,NSUN6
6878,TAF6
826,CAPNS1
124976,SPNS2
29127,RACGAP1
5062,PAK2
27145,FILIP1
9138,ARHGEF1
9900,SV2A
30817,ADGRE2
11281,POU6F2
353116,RILPL1
79879,CCDC134
8402,SLC25A11
79876,UBA5
54892,NCAPG2
11055,ZPBP
51412,ACTL6B
2355,FOSL2
1071,CETP
11267,SNF8
3875,KRT18
84320,ACBD6
1743,DLST
54765,TRIM44
9154,SLC28A1
26610,ELP4
27286,SRPX2
6651,SON
4081,MAB21L1
81858,SHARPIN
5698,PSMB9
1815,DRD4
10073,SNUPN
93035,PKHD1L1
161725,OTUD7A
1725,DHPS
124842,TMEM132E
362,AQP5
2159,F10
2560,GABRB1
54496,PRMT7
4128,MAOA
7019,TFAM
23229,ARHGEF9
1108,CHD4
6102,RP2
444,ASPH
1781,DYNC1I2
774,CACNA1B
2332,FMR1
285600,KIAA0825
372,ARCN1
22808,MRAS
2906,GRIN2D
3977,LIFR
4015,LOX
3560,IL2RB
54538,ROBO4
2257,FGF12
2998,GYS2
55213,RCBTB1
1415,CRYBB2
6424,SFRP4
10681,GNB5
57514,ARHGAP31
6154,RPL26
10653,SPINT2
140732,SUN5
128240,NAXE
3198,HOXA1
51715,RAB23
79983,POF1B
79143,MBOAT7
197,AHSG
4222,MEOX1
55252,ASXL2
342035,GLDN
6904,TBCD
2177,FANCD2
84295,PHF6
2176,FANCC
5236,PGM1
55005,RMND1
8799,PEX11B
23438,HARS2
10295,BCKDK
124454,EARS2
55074,OXR1
6041,RNASEL
3229,HOXC13
8996,NOL3
3480,IGF1R
23639,DNAAF11
10299,MARCHF6
374407,DNAJB13
11113,CIT
10128,LRPPRC
3376,IARS1
83538,ODAD4
4869,NPM1
6455,SH3GL1
1050,CEBPA
8028,MLLT10
4026,LPP
26511,CHIC2
8301,PICALM
146227,BEAN1
4570,MT-TN
124404,SEPTIN12
11136,SLC7A9
6519,SLC3A1
8443,GNPAT
25914,RTTN
973,CD79A
3543,IGLL1
152816,ODAPH
29760,BLNK
56262,LRRC8A
2892,GRIA3
23090,ZNF423
22897,CEP164
646960,PRSS56
1717,DHCR7
8802,SUCLG1
132158,GLYCTK
51199,NIN
148022,TICAM1
649,BMP1
5826,ABCD4
6792,CDKL5
116085,SLC22A12
65109,UPF3B
197257,LDHD
5828,PEX2
6789,STK4
5192,PEX10
55670,PEX26
54919,DNAAF5
9409,PEX16
1588,CYP19A1
2130,EWSR1
7837,PXDN
9180,OSMR
5230,PGK1
3300,DNAJB2
254065,BRWD3
5194,PEX13
54414,SIAE
3460,IFNGR2
5824,PEX19
5195,PEX14
4092,SMAD7
3594,IL12RB1
51067,YARS2
3593,IL12B
867,CBL
51475,CABP2
1261,CNGA3
137492,VPS37A
8013,NR4A3
8729,GBF1
3741,KCNA5
81607,NECTIN4
3663,IRF5
6272,SORT1
4297,KMT2A
219931,TPCN2
23092,ARHGAP26
9056,SLC7A7
1508,CTSB
175,AGA
5116,PCNT
51128,SAR1B
57338,JPH3
80270,HSD3B7
348938,NIPAL4
9368,NHERF1
29957,SLC25A24
3199,HOXA2
51305,KCNK9
200894,ARL13B
100506658,OCLN
51294,PCDH12
1807,DPYS
5307,PITX1
96459,FNIP1
85378,TUBGCP6
6688,SPI1
100128908,CIROP
8328,GFI1B
26191,PTPN22
6515,SLC2A3
223117,SEMA3D
10512,SEMA3C
4902,NRTN
4312,MMP1
1739,DLG1
22837,COBLL1
54848,ARHGEF38
9411,ARHGAP29
3080,CFHR2
8404,SPARCL1
29922,NME7
124401,ANKS3
8629,JRK
1235,CCR6
79932,KIAA0319L
1808,DPYSL2
377,ARF3
6453,ITSN1
84623,KIRREL3
9024,BRSK2
166336,PRICKLE2
1501,CTNND2
8766,RAB11A
7314,UBB
55297,CCDC91
6492,SIM1
3760,KCNJ3
2115,ETV1
2118,ETV4
51106,TFB1M
57477,SHROOM4
2619,GAS1
8928,FOXH1
6997,CRIPTO
346288,SEPTIN14
4255,MGMT
6867,TACC1
6098,ROS1
10460,TACC3
4641,MYO1C
401541,CENPP
23558,WBP2
64377,CHST8
7133,TNFRSF1B
3045,HBD
57562,CEP126
9640,ZNF592
429,ASCL1
5777,PTPN6
6845,VAMP7
6965,TRG
30012,TLX3
3195,TLX1
4602,MYB
8115,TCL1A
6964,TRD
6957,TRB
7704,ZBTB16
6955,TRA
79823,CAMKMT
5327,PLAT
3170,FOXA2
596,BCL2
604,BCL6
4692,NDN
4671,NAIP
10736,SIX2
22947,DUX4L1
100288687,DUX4
81608,FIP1L1
3764,KCNJ8
116028,RMI2
84133,ZNRF3
7469,NELFA
9037,SEMA5A
5420,PODXL
55958,KLHL9
57644,MYH7B
23207,PLEKHM2
142678,MIB2
171568,POLR3H
1761,DMRT1
388015,RTL1
8788,DLK1
55384,MEG3
135656,MUCL3
8320,EOMES
5414,SEPTIN4
9463,PICK1
57120,GOPC
466,ATF1
205717,USF3
7373,COL14A1
8148,TAF15
6945,MLX
6757,SSX2
6760,SS18
2052,EPHX1
9064,MAP3K6
4916,NTRK3
10144,FAM13A
79572,ATP13A3
1581,CYP7A1
3492,IGH
330,BIRC3
9940,DLEC1
25970,SH2B1
1649,DDIT3
3501,IGHG2
374354,NHLRC2
55784,MCTP2
3131,HLF
57599,WDR48
8852,AKAP4
199223,TTC21A
340075,ARSI
56649,TMPRSS4
101101692,HELLPAR
6591,SNAI2
151188,ARL6IP6
51663,ZFR
27063,ANKRD1
2274,FHL2
9015,TAF1A
7112,TMPO
9464,HAND2
495,ATP4A
750,GAS8-AS1
8805,TRIM24
729582,DIRC3
5987,TRIM27
8031,NCOA4
1964,EIF1AX
23085,ERC1
9950,GOLGA5
2846,LPAR4
8030,CCDC6
5108,PCM1
2859,GPR35
10507,SEMA4D
4485,MST1
8467,SMARCA5
3670,ISL1
65998,ZFTA
132320,SCLT1
84277,DNAJC30
3115,HLA-DPB1
23630,KCNE5
7871,SLMAP
29098,RANGRF
6224,RPS20
6132,RPL8
6160,RPL31
6133,RPL9
11224,RPL35
1230,CCR1
3592,IL12A
101928376,IL12A-AS1
7099,TLR4
337867,UBAC2
51752,ERAP1
8302,KLRC4
1392,CRH
2887,GRB10
79722,ANKRD55
5771,PTPN2
84282,RNF135
9103,FCGR2C
3475,IFRD1
25894,PLEKHG4
6288,SAA1
9555,MACROH2A1
4556,MT-TE
27238,GPKOW
3337,DNAJB1
5305,PIP4K2A
6689,SPIB
5450,POU2AF1
9966,TNFSF15
79258,MMEL1
60401,EDA2R
4176,MCM7
29081,METTL5
23309,SIN3B
9817,KEAP1
4537,MT-ND3
9881,TRANK1
79776,ZFHX4
7531,YWHAE
84107,ZIC4
4811,NID1
10188,TNK2
22854,NTNG1
1933,EEF1B2
6249,CLIP1
7430,EZR
1260,CNGA2
10178,TENM1
129804,FBLN7
84910,TMEM87B
135228,CD109
627,BDNF
51548,SIRT6
6427,SRSF2
253430,IPMK
7514,XPO1
4842,NOS1
6237,RRAS
6804,STX1A
7461,CLIP2
5982,RFC2
2969,GTF2I
3984,LIMK1
9569,GTF2IRD1
155382,VPS37D
155368,METTL27
114049,BUD23
7458,EIF4H
84163,GTF2IRD2
26608,TBL2
135886,TMEM270
9031,BAZ1B
5657,PRTN3
3113,HLA-DPA1
248,ALPI
721,C4B
733,C8G
863,CBFA2T3
10695,CNPY3
4618,MYF6
221037,JMJD1C
4477,MSMB
151,ADRA2B
7380,UPK3A
22943,DKK1
4144,MAT2A
23493,HEY2
22999,RIMS1
2192,FBLN1
728118,NUTM2A
221895,JAZF1
729262,NUTM2B
7484,WNT9B
54617,INO80
84930,MASTL
7189,TRAF6
8100,IFT88
762,CA4
10346,TRIM22
186,AGTR2
9459,ARHGEF6
347344,ZNF81
25792,CIZ1
1399,CRKL
55914,ERBIN
9630,GNA14
9184,BUB3
5602,MAPK10
10857,PGRMC1
84126,ATRIP
10452,TOMM40
6653,SORL1
5445,PON2
55830,GLT8D1
10891,PPARGC1A
5444,PON1
5446,PON3
1610,DAO
7942,TFEB
6421,SFPQ
6303,SAT1
256646,NUTM1
5774,PTPN3
57194,ATP10A
54681,P4HTM
55109,AGGF1
79184,BRCC3
64764,CREB3L2
8218,CLTCL1
4299,AFF1
9646,CTR9
26130,GAPVD1
51479,ANKFY1
83478,ARHGAP24
93650,ACP4
1357,CPA1
3975,LHX1
5699,PSMB10
57105,CYSLTR2
54386,TERF2IP
1030,CDKN2B
84916,UTP4
8742,TNFSF12
5922,RASA2
389421,LIN28B
4004,LMO1
23769,FLRT1
4509,MT-ATP8
7862,BRPF1
5260,PHKG1
862,RUNX1T1
7477,WNT7B
6209,RPS15
3500,IGHG1
28444,IGHV3-21
5027,P2RX7
115761,ARL11
84548,TMEM185A
10725,NFAT5
1750,DLX6
7979,SEM1
8945,BTRC
58513,EPS15L1
6468,FBXW4
23317,DNAJC13
135,ADORA2A
3624,INHBA
5495,PPM1B
6184,RPN1
64783,RBM15
7258,TSPY1
57135,DAZ4
5590,PRKCZ
8510,MMP23B
7798,LUZP1
10630,PDPN
10277,UBE4B
8514,KCNAB2
54897,CASZ1
2947,GSTM3
1084,CEACAM3
51164,DCTN4
115019,SLC26A9
11254,SLC6A14
22802,CLCA4
4680,CEACAM6
28395,IGHV4-34
81614,NIPA2
2215,FCGR3B
3684,ITGAM
55024,BANK1
3654,IRAK1
2113,ETS1
10318,TNIP1
7332,UBE2L3
6696,SPP1
54899,PXK
23019,CNOT1
64398,PALS1
86,ACTL6A
23077,MYCBP2
5976,UPF1
23162,MAPK8IP3
10492,SYNCRIP
5980,REV3L
9644,SH3PXD2A
6239,RREB1
7290,HIRA
9632,SEC24C
7353,UFD1
421,ARVCF
84649,DGAT2
7044,LEFTY2
92949,ADAMTSL1
26585,GREM1
25937,WWTR1
1595,CYP51A1
3122,HLA-DRA
407975,MIR17HG
3090,HIC1
1512,CTSH
5032,P2RY11
4300,MLLT3
5371,PML
64859,NABP1
4926,NUMA1
7913,DEK
84520,GON7
51232,CRIM1
2357,FPR1
4665,NAB2
57393,CLTRN
84181,CHD6
1813,DRD2
4863,NPAT
6814,STXBP3
89780,WNT3A
25776,CBY1
55139,ANKZF1
9098,USP6
10590,SCGN
6728,SRP19
3142,HLX
348932,SLC6A18
54716,SLC6A20
2354,FOSB
2353,FOS
283008,NUTM2E
153572,IRX2
83858,ATAD3B
219293,ATAD3C
7039,TGFA
9444,QKI
29128,UHRF1
2321,FLT1
9901,SRGAP3
56999,ADAMTS9
2272,FHIT
84925,SLC49A4
79663,HSPBAP1
7049,TGFBR3
83854,ANGPTL6
